Date,Open,High,Low,Close,Volume,Series,TOTAL_TRADES,QTY_PER_TRADE,DLV_QTY
2023-05-11,190.0,190.0,180.5,180.5,817200,ST,449,1820.04,817200
2023-05-12,171.5,171.5,171.5,171.5,26400,ST,19,1389.47,26400
2023-05-15,165.5,180.05,162.95,180.05,698400,ST,348,2006.9,667200
2023-05-16,180.05,189.05,180.0,189.05,385200,ST,175,2201.14,355200
2023-05-17,193.8,195.7,184.1,189.5,188400,ST,115,1638.26,172800
2023-05-18,195.0,195.0,186.1,186.75,58800,ST,36,1633.33,51600
2023-05-19,186.9,188.25,185.1,187.35,22800,ST,19,1200.0,19200
2023-05-22,189.0,190.0,183.55,187.3,32400,ST,25,1296.0,24000
2023-05-23,188.45,189.65,185.55,186.1,27600,ST,23,1200.0,27600
2023-05-24,185.0,187.0,179.0,181.7,24000,ST,20,1200.0,19200
2023-05-25,184.55,187.85,177.0,185.35,25200,SM,21,1200.0,19200
2023-05-26,187.35,194.35,187.0,192.4,25200,SM,21,1200.0,18000
2023-05-29,191.0,191.0,187.2,188.95,10800,SM,9,1200.0,9600
2023-05-30,189.0,189.0,186.0,187.5,8400,SM,7,1200.0,7200
2023-05-31,185.0,186.0,182.25,183.9,9600,SM,8,1200.0,9600
2023-06-01,183.0,183.0,182.9,182.9,2400,SM,2,1200.0,2400
2023-06-02,177.0,179.95,170.0,179.95,72000,SM,56,1285.71,61200
2023-06-05,181.75,187.7,175.15,182.5,28800,SM,19,1515.79,22800
2023-06-06,182.0,182.0,177.1,177.2,14400,SM,9,1600.0,14400
2023-06-07,180.5,182.9,178.0,178.95,46800,SM,31,1509.68,43200
2023-06-08,180.5,180.5,176.05,179.55,19200,SM,8,2400.0,12000
2023-06-09,179.9,179.9,174.25,176.25,39600,SM,29,1365.52,37200
2023-06-12,182.0,182.0,176.2,177.25,39600,SM,32,1237.5,34800
2023-06-13,179.4,179.65,174.25,179.65,15600,SM,13,1200.0,13200
2023-06-14,180.65,182.0,176.25,180.45,34800,SM,29,1200.0,26400
2023-06-15,182.0,182.0,177.1,178.55,19200,SM,16,1200.0,14400
2023-06-16,181.0,181.9,177.65,179.3,19200,SM,15,1280.0,14400
2023-06-19,180.25,207.7,180.0,203.75,88800,SM,73,1216.44,56400
2023-06-20,204.7,237.45,204.7,236.0,163200,SM,133,1227.07,117600
2023-06-21,237.5,242.5,230.0,234.15,72000,SM,58,1241.38,54000
2023-06-22,230.5,234.9,221.5,226.5,30000,SM,21,1428.57,15600
2023-06-23,229.95,234.9,227.0,232.55,33600,SM,25,1344.0,25200
2023-06-26,233.95,243.0,233.9,237.75,38400,SM,30,1280.0,27600
2023-06-27,244.8,244.8,237.0,237.0,10800,SM,9,1200.0,10800
2023-06-28,230.15,237.0,230.15,233.25,19200,SM,12,1600.0,12000
2023-06-30,233.25,234.0,211.65,220.0,64800,SM,47,1378.72,45600
2023-07-03,224.0,228.0,220.05,228.0,45600,SM,32,1425.0,37200
2023-07-04,232.75,232.75,224.75,228.75,12000,SM,10,1200.0,10800
2023-07-05,233.5,253.9,230.8,252.85,157200,SM,123,1278.05,85200
2023-07-06,256.7,261.45,248.5,249.5,39600,SM,33,1200.0,25200
2023-07-07,249.5,250.0,244.0,245.5,19200,SM,16,1200.0,10800
2023-07-10,240.0,242.0,232.0,233.0,28800,SM,23,1252.17,25200
2023-07-11,227.05,229.0,221.65,222.35,52800,SM,39,1353.85,49200
2023-07-12,222.35,230.0,220.05,222.6,68400,SM,52,1315.38,52800
2023-07-13,223.5,224.0,217.5,217.5,10800,SM,9,1200.0,10800
2023-07-14,217.0,241.0,217.0,237.85,106800,SM,60,1780.0,97200
2023-07-17,244.95,244.95,232.0,232.0,8400,SM,7,1200.0,8400
2023-07-18,237.0,239.0,227.5,235.35,16800,SM,12,1400.0,13200
2023-07-19,229.55,256.95,229.0,252.75,75600,SM,62,1219.35,54000
2023-07-20,256.5,258.95,251.0,251.7,28800,SM,24,1200.0,20400
2023-07-21,251.7,254.95,248.0,254.95,13200,SM,8,1650.0,12000
2023-07-24,245.4,246.2,245.0,245.85,8400,SM,7,1200.0,7200
2023-07-25,245.85,245.85,245.85,245.85,2400,SM,2,1200.0,2400
2023-07-26,238.8,238.8,236.8,236.95,7200,SM,6,1200.0,6000
2023-07-27,243.5,243.5,238.0,243.0,4800,SM,4,1200.0,3600
2023-07-28,244.0,244.0,244.0,244.0,1200,SM,1,1200.0,1200
2023-07-31,240.0,241.0,235.0,237.0,13200,SM,11,1200.0,10800
2023-08-01,236.0,236.0,236.0,236.0,1200,SM,1,1200.0,1200
2023-08-02,236.0,236.0,230.0,230.0,8400,SM,7,1200.0,8400
2023-08-03,235.0,236.5,231.15,236.5,6000,SM,5,1200.0,6000
2023-08-04,237.1,244.8,237.1,238.3,16800,SM,14,1200.0,12000
2023-08-07,240.0,250.7,240.0,247.05,16800,SM,14,1200.0,15600
2023-08-08,250.0,258.0,247.0,247.0,21600,SM,18,1200.0,14400
2023-08-09,248.0,249.0,244.0,245.0,9600,SM,8,1200.0,7200
2023-08-10,241.1,241.1,241.1,241.1,2400,SM,2,1200.0,2400
2023-08-11,241.0,241.0,240.0,240.0,2400,SM,2,1200.0,2400
2023-08-14,235.0,249.0,235.0,247.0,13200,SM,11,1200.0,12000
2023-08-16,223.0,245.5,223.0,245.5,4800,SM,4,1200.0,3600
2023-08-17,240.6,245.45,236.15,240.75,7200,SM,6,1200.0,6000
2023-08-18,240.1,240.1,231.05,235.95,19200,SM,13,1476.92,14400
2023-08-21,239.0,239.0,232.0,232.0,13200,SM,11,1200.0,13200
2023-08-22,236.0,236.5,233.1,236.5,8400,SM,7,1200.0,7200
2023-08-23,236.5,236.5,236.5,236.5,3600,SM,3,1200.0,3600
2023-08-25,232.15,232.15,232.0,232.0,3600,SM,3,1200.0,3600
2023-08-28,232.5,232.5,227.2,227.9,18000,SM,15,1200.0,16800
2023-08-29,227.5,227.5,225.5,226.0,6000,SM,5,1200.0,4800
2023-08-30,230.5,234.0,230.5,233.95,12000,SM,10,1200.0,10800
2023-08-31,236.0,238.0,236.0,237.0,8400,SM,7,1200.0,7200
2023-09-01,238.0,238.9,231.05,231.05,7200,SM,6,1200.0,4800
2023-09-04,234.0,277.25,233.9,276.1,151200,SM,118,1281.36,110400
2023-09-05,278.0,279.0,262.55,270.7,40800,SM,34,1200.0,25200
2023-09-06,270.5,270.5,270.5,270.5,1200,SM,1,1200.0,1200
2023-09-07,260.25,263.2,252.0,256.3,26400,SM,22,1200.0,19200
2023-09-08,260.0,260.0,251.0,251.0,3600,SM,3,1200.0,3600
2023-09-11,251.0,255.0,250.0,255.0,8400,SM,7,1200.0,7200
2023-09-12,242.65,244.05,236.55,239.6,22800,SM,19,1200.0,19200
2023-09-13,240.5,240.5,231.1,239.95,10800,SM,9,1200.0,9600
2023-09-14,251.0,255.3,242.5,242.8,8400,SM,7,1200.0,4800
2023-09-15,248.0,248.0,247.95,247.95,2400,SM,2,1200.0,2400
2023-09-18,254.0,254.0,248.0,248.1,6000,SM,5,1200.0,4800
2023-09-20,248.4,248.4,239.15,240.0,16800,SM,14,1200.0,10800
2023-09-21,237.0,237.0,237.0,237.0,1200,SM,1,1200.0,1200
2023-09-22,235.0,237.0,235.0,237.0,2400,SM,2,1200.0,1200
2023-09-25,231.4,231.4,231.1,231.25,3600,SM,3,1200.0,3600
2023-09-26,225.0,240.1,223.0,240.0,21600,SM,17,1270.59,16800
2023-09-27,243.0,243.0,243.0,243.0,1200,SM,1,1200.0,1200
2023-09-28,233.0,233.55,233.0,233.5,4800,SM,4,1200.0,4800
2023-09-29,242.9,242.9,236.0,236.0,2400,SM,2,1200.0,2400
2023-10-03,250.0,250.0,240.0,243.0,4800,SM,4,1200.0,2400
2023-10-04,232.0,234.0,232.0,232.0,3600,SM,3,1200.0,2400
2023-10-05,235.0,235.0,235.0,235.0,1200,SM,1,1200.0,1200
2023-10-06,230.0,238.0,230.0,234.65,9600,SM,8,1200.0,8400
2023-10-09,234.9,235.0,234.9,235.0,4800,SM,4,1200.0,4800
2023-10-10,231.0,233.0,230.0,230.0,4800,SM,4,1200.0,4800
2023-10-11,235.0,239.0,233.05,233.2,13200,SM,10,1320.0,12000
2023-10-12,233.4,233.4,233.2,233.2,2400,SM,2,1200.0,2400
2023-10-13,234.0,242.0,232.1,235.1,28800,SM,23,1252.17,16800
2023-10-16,230.3,235.0,228.0,233.5,19200,SM,16,1200.0,12000
2023-10-17,236.0,237.0,233.5,234.75,7200,SM,6,1200.0,4800
2023-10-18,234.75,234.75,229.5,234.1,6000,SM,5,1200.0,4800
2023-10-19,235.0,239.0,231.0,236.0,8400,SM,7,1200.0,7200
2023-10-20,236.0,236.0,236.0,236.0,2400,SM,1,2400.0,2400
2023-10-23,230.35,233.0,225.0,226.5,14400,SM,12,1200.0,13200
2023-10-26,231.9,232.0,223.0,225.0,14400,SM,12,1200.0,10800
2023-10-27,236.0,241.0,233.6,238.1,22800,SM,19,1200.0,21600
2023-10-30,236.1,238.2,234.2,235.0,6600,SM,10,660.0,6000
2023-10-31,239.65,243.9,237.0,237.0,9600,SM,15,640.0,7200
2023-11-01,233.0,239.05,233.0,236.35,7800,SM,11,709.09,6000
2023-11-02,237.15,237.15,235.2,235.2,2400,SM,3,800.0,2400
2023-11-03,235.3,240.5,235.3,239.0,7200,SM,12,600.0,6600
2023-11-06,239.0,239.0,233.25,235.0,13800,SM,16,862.5,13200
2023-11-07,238.0,241.9,232.3,233.2,13200,SM,16,825.0,10800
2023-11-08,232.4,240.0,232.4,235.6,30000,SM,46,652.17,17400
2023-11-09,239.9,239.9,236.65,236.85,14400,SM,22,654.55,12600
2023-11-10,239.0,248.0,238.5,241.0,27000,SM,40,675.0,21600
2023-11-12,245.0,245.0,245.0,245.0,1200,SM,2,600.0,1200
2023-11-13,240.0,254.0,240.0,251.75,15000,SM,22,681.82,14400
2023-11-15,254.0,254.0,244.95,245.05,20400,SM,22,927.27,16800
2023-11-16,241.2,244.9,240.05,241.1,12000,SM,14,857.14,9000
2023-11-17,240.25,244.25,240.05,243.2,15600,SM,13,1200.0,12600
2023-11-20,242.0,246.85,240.3,240.5,18600,SM,21,885.71,16800
2023-11-21,246.95,248.5,245.1,247.45,6000,SM,10,600.0,4200
2023-11-22,247.45,256.0,245.0,245.0,15000,SM,23,652.17,12600
2023-11-23,239.9,244.25,239.9,240.45,4200,SM,5,840.0,3600
2023-11-24,238.0,246.0,237.0,243.3,21600,SM,22,981.82,18000
2023-11-28,240.0,243.95,240.0,243.5,4200,SM,7,600.0,3000
2023-11-29,240.05,241.0,236.5,238.3,6000,SM,10,600.0,4200
2023-11-30,240.5,250.0,240.5,249.45,27600,SM,30,920.0,25200
2023-12-01,259.0,259.0,245.55,248.0,14400,SM,21,685.71,10200
2023-12-04,248.0,254.0,235.1,243.25,51000,SM,61,836.07,32400
2023-12-05,237.55,252.0,237.25,248.0,42000,SM,44,954.55,31800
2023-12-06,249.0,254.9,246.0,247.0,9000,SM,15,600.0,7800
2023-12-07,247.0,250.5,237.25,240.35,13800,SM,23,600.0,9000
2023-12-08,240.5,244.0,237.55,239.1,11400,SM,15,760.0,9000
2023-12-11,242.0,251.0,240.0,248.0,18000,SM,28,642.86,15600
2023-12-12,247.9,252.0,245.0,251.5,23400,SM,33,709.09,21000
2023-12-13,248.0,251.0,242.0,250.5,26400,SM,28,942.86,21000
2023-12-14,246.0,249.95,246.0,249.95,1200,SM,2,600.0,600
2023-12-15,248.5,249.95,244.0,247.0,9000,SM,14,642.86,7200
2023-12-18,243.0,246.9,240.05,246.9,9000,SM,14,642.86,6600
2023-12-19,246.9,248.3,240.05,241.95,12600,SM,20,630.0,10800
2023-12-20,244.1,245.0,239.1,239.1,8400,SM,14,600.0,7200
2023-12-21,241.75,241.75,237.0,237.0,3600,SM,5,720.0,3000
2023-12-22,237.55,240.95,236.0,239.9,17400,SM,17,1023.53,14400
2023-12-26,238.1,239.85,237.15,239.55,6600,SM,11,600.0,4200
2023-12-27,237.5,239.0,235.5,236.95,16200,SM,21,771.43,12600
2023-12-28,236.0,236.0,225.05,229.45,7200,SM,12,600.0,6600
2023-12-29,228.0,239.0,228.0,234.25,8400,SM,13,646.15,6600
2024-01-01,232.15,236.5,230.0,232.85,20400,SM,28,728.57,14400
2024-01-02,233.95,235.8,233.5,233.5,2400,SM,4,600.0,2400
2024-01-03,230.6,232.9,230.05,231.1,6000,SM,9,666.67,4200
2024-01-04,230.0,235.0,230.0,230.15,30000,SM,49,612.24,24600
2024-01-05,230.5,233.0,230.0,230.25,21000,SM,34,617.65,18000
2024-01-08,230.0,230.25,227.0,230.0,10800,SM,13,830.77,10200
2024-01-09,230.0,230.0,226.15,229.0,6600,SM,10,660.0,4800
2024-01-10,226.0,227.4,226.0,226.55,9000,SM,15,600.0,9000
2024-01-11,226.55,234.15,226.55,227.35,30600,SM,48,637.5,28200
2024-01-12,230.0,230.9,226.05,226.75,9600,SM,16,600.0,9600
2024-01-15,226.75,226.95,223.5,224.65,9600,SM,15,640.0,9000
2024-01-16,230.05,230.05,224.55,226.5,10200,SM,14,728.57,9000
2024-01-17,225.0,225.05,219.9,225.05,7200,SM,11,654.55,4200
2024-01-18,229.9,229.9,226.0,226.0,4800,SM,8,600.0,4200
2024-01-19,230.35,230.65,226.0,226.0,9000,SM,12,750.0,7800
2024-01-20,226.0,226.0,225.0,225.0,2400,SM,4,600.0,2400
2024-01-23,225.0,225.0,216.5,218.5,7800,SM,13,600.0,6000
2024-01-24,218.0,219.8,213.05,213.25,7200,SM,11,654.55,6600
2024-01-25,219.95,228.0,219.95,225.5,6000,SM,10,600.0,4200
2024-01-29,224.0,224.0,216.75,221.3,20400,SM,18,1133.33,16200
2024-01-30,221.0,221.5,221.0,221.5,1800,SM,3,600.0,1800
2024-01-31,221.5,222.1,217.9,218.3,4200,SM,6,700.0,4200
2024-02-01,216.05,234.0,216.05,218.45,16200,SM,24,675.0,10200
2024-02-02,215.55,219.5,215.3,217.05,4200,SM,7,600.0,3600
2024-02-05,224.0,234.0,224.0,229.0,24000,SM,28,857.14,16800
2024-02-06,225.0,225.0,220.25,220.25,4200,SM,7,600.0,4200
2024-02-07,223.0,225.0,217.2,220.65,16800,SM,28,600.0,14400
2024-02-08,216.25,221.0,207.0,220.5,16200,SM,26,623.08,10800
2024-02-09,221.0,228.3,220.0,221.8,18600,SM,30,620.0,15000
2024-02-12,221.0,225.0,221.0,223.6,5400,SM,9,600.0,4800
2024-02-13,220.0,223.0,215.0,217.6,7200,SM,12,600.0,6000
2024-02-14,220.0,229.0,220.0,225.95,19800,SM,32,618.75,16200
2024-02-15,229.9,242.0,229.9,238.55,25200,SM,38,663.16,24600
2024-02-16,238.1,246.9,238.1,240.35,25800,SM,27,955.56,22800
2024-02-19,236.65,236.65,234.0,234.35,15600,SM,8,1950.0,15600
2024-02-20,235.0,246.0,235.0,242.8,6600,SM,9,733.33,4800
2024-02-21,245.5,245.5,240.05,240.05,16800,SM,19,884.21,15600
2024-02-22,244.45,245.8,244.0,244.0,10200,SM,17,600.0,9000
2024-02-23,245.2,253.0,244.5,253.0,39000,SM,34,1147.06,36600
2024-02-26,245.0,257.95,245.0,251.1,33600,SM,46,730.43,28200
2024-02-27,255.0,261.1,248.0,253.95,10800,SM,16,675.0,9000
2024-02-28,245.25,254.9,245.25,252.0,10800,SM,16,675.0,7800
2024-02-29,244.05,253.45,243.25,246.0,6000,SM,10,600.0,3600
2024-03-01,246.0,246.35,246.0,246.35,1200,SM,2,600.0,600
2024-03-02,246.0,246.0,246.0,246.0,1200,SM,2,600.0,1200
2024-03-04,237.55,246.0,234.25,235.15,6000,SM,9,666.67,4200
2024-03-05,233.6,236.15,228.0,228.0,16200,SM,24,675.0,12000
2024-03-06,229.5,229.5,229.5,229.5,1200,SM,2,600.0,1200
2024-03-07,225.1,225.1,225.1,225.1,600,SM,1,600.0,600
2024-03-11,226.0,228.9,226.0,228.9,3600,SM,6,600.0,2400
2024-03-12,225.0,226.9,210.0,215.85,35400,SM,53,667.92,27600
2024-03-13,218.95,229.0,210.0,211.75,25800,SM,36,716.67,21000
2024-03-14,212.15,222.0,212.0,215.05,42600,SM,16,2662.5,37800
2024-03-15,215.1,215.1,215.1,215.1,600,SM,1,600.0,600
2024-03-18,215.1,217.0,215.1,217.0,1800,SM,2,900.0,1800
2024-03-19,219.0,219.0,219.0,219.0,1800,SM,2,900.0,1800
2024-03-20,219.05,219.05,211.1,218.0,20400,SM,7,2914.29,19800
2024-03-21,218.0,218.0,218.0,218.0,600,SM,1,600.0,600
2024-03-22,217.25,229.9,217.25,226.0,13800,SM,4,3450.0,12600
2024-03-26,227.0,234.9,223.0,225.7,58200,SM,27,2155.56,54600
2024-03-27,226.0,229.0,225.0,226.15,28200,SM,14,2014.29,28200
2024-03-28,218.55,226.5,218.0,226.0,6000,SM,8,750.0,4200
2024-04-01,226.5,237.0,226.0,226.0,3000,SM,5,600.0,1800
2024-04-02,222.25,225.95,221.35,225.95,40200,SM,12,3350.0,38400
2024-04-03,230.0,230.0,225.3,225.3,1200,SM,2,600.0,1200
2024-04-04,227.0,227.0,225.0,225.0,2400,SM,4,600.0,2400
2024-04-05,223.4,225.0,223.4,225.0,2400,SM,4,600.0,2400
2024-04-09,223.0,225.0,220.0,224.95,13200,SM,15,880.0,10200
2024-04-10,224.95,224.95,200.0,203.8,28800,SM,40,720.0,25200
2024-04-12,212.0,218.5,210.0,218.5,10200,SM,16,637.5,9600
2024-04-16,218.5,218.5,205.0,215.9,4200,SM,7,600.0,3600
2024-04-18,220.0,220.0,214.1,216.0,3600,SM,6,600.0,2400
2024-04-19,210.0,210.0,210.0,210.0,600,SM,1,600.0,600
2024-04-22,212.0,215.0,211.1,215.0,1800,SM,3,600.0,1800
2024-04-23,211.05,211.05,210.0,210.0,9600,SM,10,960.0,9600
2024-04-24,210.0,210.0,210.0,210.0,1200,SM,2,600.0,1200
2024-04-26,210.0,215.0,210.0,210.0,3600,SM,6,600.0,3600
2024-04-29,205.05,214.0,205.05,209.5,6000,SM,8,750.0,4200
2024-04-30,209.5,213.5,209.5,213.5,1800,SM,3,600.0,1800
2024-05-02,213.5,213.5,208.0,208.0,2400,SM,4,600.0,1800
2024-05-03,208.0,211.0,208.0,211.0,1800,SM,3,600.0,1200
2024-05-06,214.0,214.0,208.05,208.05,1800,SM,3,600.0,1200
2024-05-07,210.0,224.0,210.0,215.0,9600,SM,14,685.71,7200
2024-05-08,222.6,222.8,222.6,222.75,1800,SM,3,600.0,1800
2024-05-09,210.0,214.0,210.0,214.0,2400,SM,4,600.0,1200
2024-05-10,225.0,225.0,225.0,225.0,600,SM,1,600.0,600
2024-05-13,215.0,217.0,204.0,217.0,16800,SM,28,600.0,10200
2024-05-14,217.0,218.0,217.0,217.0,3000,SM,5,600.0,2400
2024-05-15,217.5,217.5,217.0,217.0,1200,SM,2,600.0,1200
2024-05-16,211.0,213.0,211.0,212.85,4800,SM,8,600.0,1800
2024-05-17,209.0,210.0,208.05,208.5,6000,SM,9,666.67,6000
2024-05-21,209.0,210.95,206.05,210.75,5400,SM,8,675.0,4200
2024-05-22,206.65,209.7,202.5,208.5,16800,SM,25,672.0,12000
2024-05-24,205.05,210.9,205.0,210.9,2400,SM,4,600.0,1800
2024-05-27,206.55,206.95,203.6,206.95,4800,SM,8,600.0,4200
2024-05-28,202.5,207.6,202.5,202.75,3000,SM,5,600.0,2400
2024-05-29,202.0,202.0,200.0,200.0,1200,SM,2,600.0,1200
2024-05-30,198.0,200.95,198.0,200.95,1200,SM,2,600.0,1200
2024-06-03,197.0,197.0,192.0,192.0,2400,SM,4,600.0,2400
2024-06-05,180.5,193.95,180.5,189.95,3600,SM,6,600.0,3000
2024-06-06,193.95,193.95,193.95,193.95,600,SM,1,600.0,600
2024-06-07,193.95,193.95,188.55,188.55,3000,SM,5,600.0,3000
2024-06-10,194.95,198.0,190.25,194.55,7200,SM,11,654.55,6600
2024-06-11,187.3,187.3,181.0,185.0,12600,SM,17,741.18,8400
2024-06-12,194.0,204.9,190.0,201.6,23400,SM,35,668.57,19800
2024-06-13,202.2,202.2,202.2,202.2,600,SM,1,600.0,600
2024-06-14,207.0,207.0,200.05,200.05,4800,SM,8,600.0,4200
2024-06-18,201.2,205.0,201.2,203.45,3600,SM,6,600.0,3600
2024-06-19,198.0,198.0,197.0,197.0,3600,SM,3,1200.0,3600
2024-06-20,195.0,195.0,195.0,195.0,1200,SM,1,1200.0,1200
2024-06-21,190.0,190.0,190.0,190.0,600,SM,1,600.0,600
2024-06-24,200.0,200.75,200.0,200.35,1200,SM,2,600.0,1200
2024-06-25,199.9,199.9,196.0,196.0,1200,SM,2,600.0,1200
2024-06-26,192.9,194.0,189.0,190.0,13800,SM,22,627.27,12000
2024-06-27,190.0,190.0,190.0,190.0,600,SM,1,600.0,600
2024-06-28,189.0,189.0,189.0,189.0,600,SM,1,600.0,600
2024-07-01,190.0,193.0,190.0,190.0,4200,SM,7,600.0,4200
2024-07-03,188.0,194.85,187.95,194.85,12000,SM,16,750.0,7200
2024-07-04,197.9,200.0,197.9,199.9,12000,SM,12,1000.0,10800
2024-07-05,200.0,203.0,196.2,202.5,5400,SM,6,900.0,4800
2024-07-08,198.15,200.0,198.15,200.0,3600,SM,5,720.0,3600
2024-07-09,195.05,201.85,191.0,191.0,7200,SM,10,720.0,6600
2024-07-10,192.2,215.0,190.0,207.6,19800,SM,20,990.0,11400
2024-07-11,202.4,202.4,201.5,201.95,1200,SM,2,600.0,1200
2024-07-12,201.0,201.0,196.2,200.0,4800,SM,6,800.0,4800
2024-07-15,199.95,203.5,195.3,195.7,3600,SM,6,600.0,2400
2024-07-16,200.2,200.2,199.75,200.1,9600,SM,15,640.0,9600
2024-07-18,200.0,203.0,199.0,202.9,18000,SM,24,750.0,16800
2024-07-19,200.2,204.95,200.0,204.45,4200,SM,7,600.0,4200
2024-07-22,200.0,201.0,200.0,200.0,4200,SM,6,700.0,4200
2024-07-23,199.0,199.0,196.0,199.0,4800,SM,7,685.71,4800
2024-07-24,200.9,200.9,198.5,200.0,12600,SM,21,600.0,12000
2024-07-25,200.0,200.0,194.0,195.7,7200,SM,12,600.0,6600
2024-07-26,198.4,199.0,198.4,199.0,2400,SM,4,600.0,2400
2024-07-29,197.5,199.9,195.0,195.05,6000,SM,10,600.0,6000
2024-07-31,195.05,196.95,195.05,196.95,1200,SM,2,600.0,1200
2024-08-01,209.4,209.4,195.0,196.6,7200,SM,8,900.0,7200
2024-08-02,186.1,195.0,186.1,195.0,3000,SM,5,600.0,3000
2024-08-05,182.0,191.9,180.0,183.05,15000,SM,25,600.0,11400
2024-08-06,184.9,184.9,180.25,182.5,1800,SM,3,600.0,1800
2024-08-07,185.05,185.05,185.0,185.0,1200,SM,2,600.0,600
2024-08-08,185.1,187.0,185.1,187.0,1200,SM,2,600.0,1200
2024-08-09,185.0,186.0,182.0,183.0,6000,SM,10,600.0,6000
2024-08-12,191.95,191.95,189.0,189.0,3000,SM,4,750.0,3000
2024-08-13,182.0,184.95,177.55,182.0,3000,SM,5,600.0,1800
2024-08-14,180.8,181.0,180.8,181.0,1200,SM,2,600.0,1200
2024-08-16,175.4,180.0,175.0,178.4,47400,SM,9,5266.67,45600
2024-08-19,182.9,182.9,182.9,182.9,600,SM,1,600.0,600
2024-08-20,183.0,183.0,179.0,179.5,3600,SM,4,900.0,3600
2024-08-21,180.0,183.0,180.0,181.5,1200,SM,2,600.0,1200
2024-08-22,190.9,201.75,188.6,201.0,18600,SM,25,744.0,17400
2024-08-23,201.0,201.0,190.35,190.35,3600,SM,5,720.0,3600
2024-08-26,199.0,199.0,198.9,198.9,3000,SM,2,1500.0,3000
2024-08-27,198.9,199.0,195.0,195.0,2400,SM,4,600.0,2400
2024-08-29,187.0,190.0,187.0,190.0,1800,SM,3,600.0,1800
2024-08-30,188.05,188.05,188.05,188.05,600,SM,1,600.0,600
2024-09-02,190.1,190.1,185.1,185.3,1800,SM,3,600.0,1800
2024-09-03,208.0,208.0,189.0,189.0,6600,SM,10,660.0,5400
2024-09-04,195.0,195.0,186.05,186.55,6000,SM,9,666.67,4200
2024-09-05,195.0,195.0,194.75,194.75,1200,SM,2,600.0,1200
2024-09-06,188.0,188.0,188.0,188.0,1200,SM,2,600.0,1200
2024-09-09,195.0,195.0,180.0,188.4,9000,SM,15,600.0,5400
2024-09-10,188.0,193.9,185.0,186.85,6000,SM,10,600.0,4800
2024-09-11,190.0,193.0,189.0,190.0,10800,SM,12,900.0,9600
2024-09-12,189.0,189.0,187.0,187.0,1200,SM,2,600.0,1200
2024-09-13,180.55,189.9,180.55,186.0,14400,SM,13,1107.69,13200
2024-09-16,181.25,189.9,181.25,189.0,4800,SM,3,1600.0,3600
2024-09-17,184.0,198.75,184.0,194.75,6600,SM,11,600.0,6000
2024-09-18,194.75,194.75,193.0,193.0,4800,SM,8,600.0,4800
2024-09-19,193.0,207.25,192.0,204.4,18600,SM,26,715.38,14400
2024-09-20,205.0,214.0,200.0,201.5,22200,SM,35,634.29,18000
2024-09-23,206.0,208.45,200.0,203.2,15000,SM,23,652.17,11400
2024-09-24,200.2,235.0,200.0,229.5,307800,SM,155,1985.81,287400
2024-09-25,242.0,242.0,225.0,232.95,40200,SM,47,855.32,36000
2024-09-26,234.85,240.0,229.0,234.95,371400,SM,102,3641.18,354600
2024-09-27,240.0,240.95,229.0,229.0,81000,SM,26,3115.38,78600
2024-09-30,229.0,234.9,227.6,230.0,7200,SM,12,600.0,7200
2024-10-01,235.0,240.0,225.05,233.0,12000,SM,17,705.88,8400
2024-10-03,235.0,236.0,223.0,232.85,31800,SM,49,648.98,28200
2024-10-04,236.0,239.8,230.05,230.6,28200,SM,37,762.16,23400
2024-10-07,229.0,229.5,221.9,222.0,9000,SM,14,642.86,7200
2024-10-08,224.1,224.1,216.0,222.0,9000,SM,11,818.18,8400
2024-10-09,222.0,239.95,216.0,228.0,15600,SM,15,1040.0,12000
2024-10-10,224.6,228.9,218.0,219.0,9600,SM,11,872.73,8400
2024-10-11,216.25,224.9,216.25,220.0,2400,SM,4,600.0,1200
2024-10-14,218.0,223.45,218.0,221.35,5400,SM,9,600.0,3000
2024-10-15,215.05,227.9,215.05,222.7,6600,SM,10,660.0,2400
2024-10-17,219.25,229.9,214.05,219.0,7800,SM,13,600.0,2400
2024-10-18,215.5,218.0,215.45,218.0,2400,SM,4,600.0,1800
2024-10-21,212.05,224.9,212.05,216.5,5400,SM,9,600.0,2400
2024-10-22,216.05,224.9,209.0,209.0,7200,SM,12,600.0,6000
2024-10-23,209.0,219.0,207.25,214.95,10800,SM,16,675.0,9600
2024-10-24,210.0,214.0,207.0,213.75,8400,SM,9,933.33,7800
2024-10-25,209.0,213.7,209.0,211.8,16800,SM,18,933.33,16800
2024-10-28,200.25,214.9,200.25,214.9,1200,SM,2,600.0,0
2024-10-29,214.9,216.0,214.9,215.0,7200,SM,6,1200.0,7200
2024-11-04,203.05,214.75,203.05,204.05,2400,SM,4,600.0,600
2024-11-05,215.0,219.0,214.9,219.0,4800,SM,8,600.0,3600
2024-11-06,225.0,255.0,225.0,252.8,75000,SM,89,842.7,64200
2024-11-07,240.0,260.0,239.0,250.1,61800,SM,56,1103.57,52200
2024-11-08,250.1,250.1,245.05,249.85,18600,SM,17,1094.12,16200
2024-11-11,299.8,299.8,291.15,299.8,424800,SM,382,1112.04,265200
2024-11-12,302.0,322.0,290.1,299.4,176400,SM,249,708.43,118200
2024-11-13,295.0,308.0,292.05,296.9,51600,SM,83,621.69,34800
2024-11-14,296.9,326.55,277.8,326.55,222600,SM,242,919.83,180600
2024-11-18,332.25,332.25,312.1,324.65,29400,SM,49,600.0,24600
2024-11-19,329.0,349.95,329.0,339.2,49800,SM,77,646.75,34200
2024-11-21,322.25,330.9,322.25,325.5,10800,ST,17,635.29,10200
2024-11-22,322.0,340.9,316.0,339.85,17400,ST,25,696.0,16800
2024-11-25,341.0,345.0,326.0,326.0,7200,ST,12,600.0,6600
2024-11-26,326.0,326.25,315.0,320.0,13800,ST,21,657.14,13800
2024-11-27,320.0,320.0,316.5,318.0,4200,ST,7,600.0,4200
2024-11-28,307.0,320.0,302.1,310.0,9000,ST,15,600.0,8400
2024-11-29,305.0,309.95,301.0,309.9,11400,ST,16,712.5,10200
2024-12-02,310.0,310.0,294.4,294.4,22800,ST,31,735.48,22800
2024-12-03,290.0,303.0,290.0,303.0,10800,ST,16,675.0,10200
2024-12-04,303.3,318.15,303.0,318.0,31200,ST,35,891.43,29400
2024-12-05,317.95,317.95,316.95,316.95,1200,ST,2,600.0,1200
2024-12-06,308.0,320.0,305.0,319.0,15600,ST,16,975.0,15000
2024-12-09,319.95,324.3,319.95,323.25,7200,ST,10,720.0,7200
2024-12-10,320.0,320.0,317.0,319.0,11400,ST,13,876.92,11400
2024-12-11,319.0,327.9,319.0,324.45,11400,ST,19,600.0,10800
2024-12-12,324.45,338.0,319.0,338.0,16800,ST,22,763.64,16200
2024-12-13,332.0,332.0,328.1,330.1,4800,ST,8,600.0,4800
2024-12-16,327.1,327.1,327.0,327.0,1200,ST,2,600.0,1200
2024-12-17,321.3,324.55,321.3,323.8,5400,ST,9,600.0,5400
2024-12-18,332.45,334.0,325.3,325.7,9600,ST,14,685.71,8400
2024-12-19,320.9,331.3,320.9,322.1,14400,ST,18,800.0,13200
2024-12-20,322.1,322.1,306.0,311.05,23400,ST,34,688.24,22200
2024-12-23,295.55,308.0,295.55,308.0,4200,ST,6,700.0,3000
2024-12-24,308.0,308.0,308.0,308.0,1800,ST,3,600.0,1800
2024-12-26,315.95,315.95,315.95,315.95,600,ST,1,600.0,600
2024-12-27,319.0,319.0,315.0,315.0,3600,ST,5,720.0,3600
2024-12-30,317.0,322.85,315.0,316.0,5400,ST,8,675.0,4800
2024-12-31,318.45,325.75,318.45,325.75,8400,ST,14,600.0,8400
2025-01-01,311.6,331.45,311.55,328.2,5400,ST,9,600.0,4800
2025-01-02,328.15,339.0,325.0,331.85,10200,ST,17,600.0,9600
2025-01-03,335.0,342.0,330.0,340.6,7200,ST,11,654.55,7200
2025-01-06,342.3,342.35,323.6,325.05,17400,ST,28,621.43,16800
2025-01-07,320.05,337.95,320.05,337.95,2400,ST,4,600.0,2400
2025-01-08,342.9,344.0,330.0,337.25,5400,ST,9,600.0,5400
2025-01-09,337.25,337.25,337.25,337.25,600,ST,1,600.0,600
2025-01-10,346.95,346.95,330.0,330.05,1800,ST,3,600.0,1800
2025-01-13,316.55,316.65,313.55,313.55,5400,ST,9,600.0,5400
2025-01-14,313.55,314.0,313.55,314.0,1200,ST,2,600.0,1200
2025-01-15,315.0,315.0,312.0,312.0,1800,ST,3,600.0,1800
2025-01-16,298.1,317.0,298.1,303.1,10200,ST,15,680.0,9600
2025-01-17,313.9,313.95,313.05,313.05,1800,ST,3,600.0,1800
2025-01-20,318.0,318.0,318.0,318.0,600,ST,1,600.0,600
2025-01-21,314.25,314.25,310.1,311.65,3000,ST,5,600.0,3000
2025-01-22,317.0,317.0,317.0,317.0,1200,ST,2,600.0,1200
2025-01-23,310.0,310.0,301.15,303.45,4200,ST,7,600.0,4200
2025-01-24,301.15,311.0,292.15,311.0,4200,ST,7,600.0,4200
2025-01-27,295.55,306.95,295.45,306.0,4800,ST,8,600.0,4800
2025-01-28,300.0,314.95,294.55,307.8,5400,ST,9,600.0,4800
2025-01-29,300.8,307.95,293.5,303.55,4800,ST,8,600.0,4200
2025-01-30,304.0,317.95,304.0,310.95,3000,ST,3,1000.0,3000
2025-02-01,308.0,308.0,307.0,307.0,1200,ST,2,600.0,1200
2025-02-03,307.0,307.0,307.0,307.0,600,ST,1,600.0,600
2025-02-04,300.0,304.8,298.0,299.85,2400,ST,4,600.0,2400
2025-02-05,309.05,309.05,284.85,305.0,78600,ST,86,913.95,78000
2025-02-06,290.1,306.0,290.1,304.7,52200,ST,15,3480.0,52200
2025-02-07,300.0,300.0,300.0,300.0,20400,ST,1,20400.0,20400
2025-02-10,305.0,315.0,300.0,315.0,22200,ST,35,634.29,21600
2025-02-11,306.0,306.0,300.1,301.9,8400,ST,14,600.0,8400
2025-02-12,302.95,308.95,302.95,304.0,6000,ST,9,666.67,6000
2025-02-14,300.0,300.0,290.55,298.0,23400,ST,23,1017.39,22800
2025-02-17,291.05,308.95,291.05,308.95,18600,ST,10,1860.0,18000
2025-02-18,293.55,293.55,293.5,293.5,6000,ST,9,666.67,6000
2025-02-19,290.5,293.5,279.0,292.95,9000,ST,13,692.31,8400
2025-02-20,297.95,307.5,290.15,307.5,13800,ST,15,920.0,10200
2025-02-21,307.45,319.4,292.2,307.05,11400,ST,17,670.59,10800
2025-02-24,290.0,301.5,290.0,300.0,4800,SM,6,800.0,3600
2025-02-25,299.9,314.75,299.9,314.75,5400,SM,4,1350.0,4800
2025-02-28,292.0,310.0,292.0,301.1,14400,SM,20,720.0,12600
2025-03-03,290.0,298.0,290.0,294.05,9600,SM,9,1066.67,9600
2025-03-04,290.0,295.0,290.0,295.0,6000,SM,4,1500.0,6000
2025-03-05,292.0,296.0,292.0,296.0,9000,SM,10,900.0,9000
2025-03-06,292.0,296.0,292.0,295.0,9600,SM,10,960.0,9000
2025-03-07,294.0,294.0,294.0,294.0,6600,SM,11,600.0,6600
2025-03-10,293.0,293.0,275.0,292.0,20400,SM,22,927.27,9600
2025-03-11,284.0,284.0,262.85,277.1,15000,SM,17,882.35,12000
2025-03-12,270.05,270.05,260.0,270.0,19200,SM,9,2133.33,19200
2025-03-17,256.0,279.5,256.0,267.75,3000,SM,4,750.0,3000
2025-03-18,245.65,287.0,241.0,284.9,84000,SM,93,903.23,59400
2025-03-19,268.15,287.5,268.1,279.95,12000,SM,15,800.0,8400
2025-03-20,286.0,286.0,278.0,278.0,1200,SM,2,600.0,1200
2025-03-21,256.05,275.0,256.0,267.1,5400,SM,7,771.43,4800
2025-03-24,275.0,288.0,266.05,278.95,48600,SM,45,1080.0,40200
2025-03-25,279.0,288.0,279.0,286.6,5400,SM,9,600.0,2400
2025-03-26,286.6,286.6,265.0,276.0,12600,SM,13,969.23,4800
2025-03-27,284.0,284.0,265.8,278.95,26400,SM,18,1466.67,24000
2025-03-28,266.75,280.0,266.75,275.0,4200,SM,7,600.0,3600
2025-04-01,289.95,293.0,289.95,293.0,4200,SM,4,1050.0,3600
2025-04-02,293.0,309.0,280.0,282.1,15000,SM,15,1000.0,10800
2025-04-03,285.0,289.85,285.0,289.85,1800,SM,3,600.0,1200
2025-04-04,289.0,289.85,287.75,289.85,3600,SM,5,720.0,3600
2025-04-07,269.0,285.0,262.0,274.5,12000,SM,18,666.67,8400
2025-04-11,293.95,299.0,280.05,293.35,13200,SM,19,694.74,8400
2025-04-15,293.0,293.35,285.0,293.35,6600,SM,7,942.86,4800
2025-04-16,298.5,313.95,298.5,309.8,16800,SM,26,646.15,10200
2025-04-17,315.0,315.0,297.0,304.0,11400,SM,12,950.0,9000
2025-04-21,304.0,313.0,290.05,303.9,56400,SM,72,783.33,46200
2025-04-22,309.0,309.95,301.0,303.0,13200,SM,21,628.57,7800
2025-04-23,314.95,319.95,307.05,317.85,30000,SM,45,666.67,23400
2025-04-24,315.0,321.95,304.5,311.2,19800,SM,24,825.0,15600
2025-04-25,310.0,324.4,300.0,314.55,24000,SM,39,615.38,14400
2025-04-28,308.5,314.95,295.0,301.95,49200,SM,44,1118.18,44400
2025-04-29,299.95,300.0,280.0,293.0,35400,SM,30,1180.0,31200
2025-04-30,293.0,293.0,275.0,275.35,44400,SM,38,1168.42,37200
2025-05-02,276.0,276.0,266.05,266.05,19800,SM,9,2200.0,18600
2025-05-05,279.0,306.75,279.0,305.65,12000,SM,19,631.58,9000
2025-05-06,303.9,303.9,292.0,301.5,2400,SM,4,600.0,1200
2025-05-09,273.0,290.0,270.0,290.0,26400,SM,41,643.9,12000
2025-05-12,309.0,315.0,290.0,299.85,33600,SM,29,1158.62,26400
2025-05-13,310.0,310.0,297.05,303.45,1800,SM,3,600.0,600
2025-05-14,304.7,304.9,295.0,301.45,9000,SM,13,692.31,6000
2025-05-15,303.0,320.0,300.05,312.4,18000,SM,25,720.0,14400
2025-05-16,311.8,311.8,307.0,307.0,2400,SM,3,800.0,2400
2025-05-19,307.4,312.0,306.0,311.55,19200,SM,26,738.46,15000
2025-05-20,308.1,309.9,306.0,309.9,10200,SM,16,637.5,5400
2025-05-21,308.0,308.0,303.35,304.05,10800,SM,15,720.0,9000
2025-05-22,307.0,314.0,300.0,313.45,3000,SM,5,600.0,3000
2025-05-23,313.0,314.0,313.0,314.0,3000,SM,4,750.0,3000
2025-05-26,305.0,315.0,305.0,313.6,12000,SM,15,800.0,8400
2025-05-27,320.0,320.0,308.0,309.05,8400,SM,12,700.0,7200
2025-05-28,309.3,309.3,308.0,308.0,2400,SM,4,600.0,2400
2025-05-30,308.0,362.95,299.1,341.0,30000,SM,42,714.29,21600
2025-06-02,339.0,340.0,327.35,332.0,11400,SM,19,600.0,6000
2025-06-03,327.95,328.0,327.95,327.95,1200,SM,2,600.0,1200
2025-06-04,324.0,325.0,318.0,324.95,12600,SM,16,787.5,10800
2025-06-05,325.0,326.0,320.05,322.75,5400,SM,9,600.0,4200
2025-06-06,323.8,328.0,318.8,326.15,9000,SM,7,1285.71,8400
2025-06-09,328.0,335.95,328.0,335.8,6000,SM,10,600.0,4800
2025-06-10,335.95,364.95,333.0,355.75,103200,SM,148,697.3,64800
2025-06-11,355.0,369.0,355.0,357.5,44400,SM,61,727.87,34800
2025-06-12,353.3,355.1,347.1,348.2,21000,SM,26,807.69,15600
2025-06-13,338.8,348.0,333.0,337.5,3000,SM,5,600.0,3000
2025-06-16,342.0,345.9,340.0,342.75,6000,SM,10,600.0,4800
2025-06-17,350.0,374.8,341.05,355.5,88800,SM,126,704.76,54000
2025-06-18,345.2,362.75,342.1,346.4,15600,SM,25,624.0,10800
2025-06-19,346.1,364.85,343.0,343.0,12600,SM,18,700.0,9000
2025-06-20,348.0,349.95,346.0,346.0,2400,SM,4,600.0,2400
2025-06-23,345.0,353.0,345.0,350.9,10800,SM,16,675.0,6000
2025-06-24,350.9,354.25,349.15,349.15,6600,SM,9,733.33,4200
2025-06-25,351.0,353.85,337.4,340.0,13800,SM,23,600.0,9000
2025-06-26,338.0,338.0,330.05,330.45,6600,SM,11,600.0,6000
2025-06-27,330.0,333.0,321.0,323.4,14400,SM,20,720.0,7800
2025-06-30,334.85,349.95,331.8,340.5,15600,SM,22,709.09,11400
2025-07-01,338.5,338.5,310.0,329.0,11400,SM,19,600.0,7200
2025-07-02,334.45,338.0,334.45,338.0,1800,SM,3,600.0,1800
2025-07-03,336.0,339.4,335.0,335.0,2400,SM,3,800.0,2400
2025-07-04,334.0,336.1,329.95,330.75,19800,SM,22,900.0,10800
2025-07-07,330.0,330.0,323.2,326.0,12000,SM,16,750.0,9000
2025-07-08,334.4,335.0,320.0,329.35,60000,SM,82,731.71,49200
2025-07-09,329.6,331.05,307.95,311.85,30000,SM,39,769.23,18600
2025-07-10,313.95,317.0,286.1,312.0,15000,SM,24,625.0,10200
2025-07-11,303.05,310.0,303.0,310.0,6600,SM,10,660.0,3600
2025-07-14,314.5,316.0,306.0,311.8,11400,SM,19,600.0,7800
2025-07-15,311.0,311.0,306.0,308.0,3600,SM,5,720.0,3600
2025-07-16,308.0,315.0,300.1,304.95,19800,SM,30,660.0,14400
2025-07-17,307.0,307.0,300.0,304.95,5400,SM,9,600.0,4800
2025-07-18,306.0,306.0,300.0,304.4,8400,SM,12,700.0,5400
2025-07-21,305.0,305.0,290.0,298.0,36600,SM,57,642.11,27000
2025-07-22,301.0,302.0,299.95,302.0,11400,SM,17,670.59,11400
2025-07-23,301.45,321.0,301.45,317.0,79800,SM,77,1036.36,63600
2025-07-24,315.0,329.0,315.0,317.0,9600,SM,11,872.73,4800
2025-07-25,318.0,318.0,310.0,312.0,9000,SM,11,818.18,7200
2025-07-28,315.0,335.9,295.0,296.65,53400,SM,79,675.95,32400
2025-07-29,296.5,303.45,294.0,302.2,9600,SM,15,640.0,7800
2025-07-30,305.0,319.9,305.0,315.0,14400,SM,23,626.09,12000
2025-07-31,306.0,306.95,299.9,300.9,24000,SM,29,827.59,16800
2025-08-01,304.0,304.0,304.0,304.0,600,SM,1,600.0,600
2025-08-04,304.95,313.0,303.1,304.5,13800,SM,21,657.14,11400
2025-08-05,302.0,308.4,302.0,308.0,2400,SM,4,600.0,2400
2025-08-06,305.0,305.0,295.05,296.45,7200,SM,8,900.0,4200
2025-08-07,296.45,308.0,285.05,295.2,22200,SM,32,693.75,15600
2025-08-08,295.0,299.0,290.0,297.95,7200,SM,12,600.0,5400
2025-08-11,297.95,297.95,292.0,293.05,3600,SM,6,600.0,2400
2025-08-12,296.0,304.45,294.25,296.75,8400,SM,13,646.15,6600
2025-08-13,295.0,303.0,294.8,294.9,11400,SM,16,712.5,7800
2025-08-14,295.5,296.0,292.05,292.05,2400,SM,4,600.0,1800
2025-08-18,294.0,300.0,291.0,293.0,15000,SM,25,600.0,10200
2025-08-19,293.0,313.0,289.8,298.65,24000,SM,34,705.88,16800
2025-08-20,305.0,325.0,304.0,321.95,28800,SM,37,778.38,18600
2025-08-21,316.2,319.2,302.0,304.85,51600,SM,74,697.3,37800
2025-08-22,304.85,310.0,304.85,305.0,7200,SM,10,720.0,6000
2025-08-25,305.0,313.5,300.05,307.3,18000,SM,28,642.86,12000
2025-08-26,304.1,305.95,300.0,302.5,5400,SM,9,600.0,3600
2025-08-28,295.05,300.0,295.0,296.5,9000,SM,15,600.0,6600
2025-08-29,291.0,295.1,291.0,293.0,3000,SM,5,600.0,2400
2025-09-01,295.0,298.0,290.0,290.0,4200,SM,7,600.0,3600
2025-09-02,292.5,292.5,292.0,292.25,1200,SM,2,600.0,1200
2025-09-03,290.85,295.0,288.0,293.95,3600,SM,6,600.0,2400
2025-09-04,300.95,300.95,291.15,297.0,3000,SM,5,600.0,2400
2025-09-05,292.0,295.0,288.2,294.95,3600,SM,6,600.0,1800
2025-09-08,295.0,295.0,267.0,268.9,70200,SM,102,688.24,44400
2025-09-09,270.0,290.0,270.0,290.0,20400,SM,31,658.06,16200
2025-09-10,290.0,290.0,270.0,273.5,36600,SM,59,620.34,23400
2025-09-11,273.55,279.95,270.0,279.95,5400,SM,9,600.0,3000
2025-09-12,280.0,280.0,276.0,280.0,1800,SM,3,600.0,1800
2025-09-15,277.2,277.2,272.0,273.0,9600,SM,16,600.0,6000
2025-09-16,288.5,288.5,251.5,261.3,82200,SM,113,727.43,54600
2025-09-17,251.0,256.5,209.05,209.05,2509800,SM,1534,1636.11,1135800
2025-09-18,214.95,232.0,198.0,212.45,1573200,SM,1813,867.73,717600
2025-09-19,212.95,215.9,183.0,186.55,693600,SM,920,753.91,467400
2025-09-22,175.0,205.2,171.0,180.3,1051800,SM,1267,830.15,513000
2025-09-23,181.0,194.0,181.0,192.15,166800,SM,244,683.61,103200
2025-09-24,196.0,204.7,185.0,187.75,273000,SM,381,716.54,177600
2025-09-25,190.0,190.0,176.0,180.1,187800,SM,280,670.71,129600
2025-09-26,179.7,181.95,172.5,175.15,133200,SM,185,720.0,81600
2025-09-29,175.25,175.25,160.3,165.35,186600,SM,264,706.82,121800
2025-09-30,164.5,168.0,160.0,165.15,67800,SM,92,736.96,39600
2025-10-01,165.15,181.65,165.15,181.35,56400,SM,87,648.28,34200
2025-10-03,183.95,184.0,177.8,181.15,38400,SM,55,698.18,18600
2025-10-06,182.05,184.5,174.15,182.85,27600,SM,41,673.17,20400
2025-10-07,183.95,185.5,181.1,181.35,11400,SM,18,633.33,9000
2025-10-08,181.0,182.9,173.8,175.2,34200,SM,53,645.28,26400
2025-10-09,175.2,180.05,175.0,178.6,30000,SM,48,625.0,19200
2025-10-10,176.3,180.6,173.2,176.4,37200,SM,55,676.36,20400
2025-10-13,178.9,181.0,173.0,175.05,54000,SM,80,675.0,28200
2025-10-14,175.4,175.5,172.5,173.25,18600,SM,21,885.71,17400
2025-10-15,172.0,175.4,170.4,172.15,20400,SM,27,755.56,13200
2025-10-16,170.5,170.5,165.0,165.7,52200,SM,58,900.0,36600
2025-10-17,165.0,176.0,165.0,174.6,43200,SM,67,644.78,32400
2025-10-20,171.7,176.65,166.8,176.45,31200,SM,50,624.0,18000
2025-10-21,176.65,176.95,171.2,172.3,11400,SM,18,633.33,8400
2025-10-23,175.0,175.95,172.1,174.8,17400,SM,29,600.0,13800
2025-10-24,172.05,176.0,172.0,174.45,11400,SM,16,712.5,8400
2025-10-27,173.0,175.95,172.0,175.2,10200,SM,17,600.0,7200
2025-10-28,172.7,175.9,169.6,171.2,28800,SM,47,612.77,21000
2025-10-29,173.3,174.7,160.0,169.85,57600,SM,86,669.77,31800
2025-10-30,170.0,170.0,165.5,165.6,7800,SM,13,600.0,6600
2025-10-31,167.1,171.95,166.5,168.0,22200,SM,29,765.52,18000
2025-11-03,168.0,168.0,166.05,167.1,3000,SM,5,600.0,2400
2025-11-04,165.25,169.0,160.15,165.9,31800,SM,51,623.53,20400
2025-11-06,163.15,168.5,163.15,165.95,12600,SM,19,663.16,9600
2025-11-07,165.05,165.65,164.1,164.5,5400,SM,9,600.0,4200
2025-11-10,163.15,163.15,160.0,160.0,11400,SM,17,670.59,9600
2025-11-11,160.1,160.45,157.2,159.25,24000,SM,26,923.08,22200
2025-11-12,160.0,160.3,155.25,158.15,18000,SM,22,818.18,13800
2025-11-13,162.0,162.0,157.2,159.0,14400,SM,17,847.06,10800
2025-11-14,160.0,161.0,158.0,161.0,10200,SM,17,600.0,7800
2025-11-17,158.1,159.0,151.0,151.05,25200,SM,39,646.15,20400
2025-11-18,146.0,151.05,145.0,147.9,27000,SM,45,600.0,20400
2025-11-19,148.1,151.8,142.6,144.25,25200,SM,41,614.63,18000
2025-11-20,140.05,142.35,132.0,137.35,105000,SM,140,750.0,69600
2025-11-21,138.0,147.5,137.35,145.6,43800,SM,53,826.42,36600
2025-11-24,148.5,155.9,142.35,145.1,29400,SM,40,735.0,26400
2025-11-25,143.25,145.6,143.0,144.4,13800,SM,18,766.67,9600
2025-11-26,140.65,143.8,140.65,143.4,7200,SM,12,600.0,3000
2025-11-27,149.3,157.7,146.5,157.7,54600,SM,82,665.85,42600
2025-11-28,161.5,173.45,161.0,173.45,45000,SM,64,703.12,38400
2025-12-01,179.95,189.0,175.0,177.9,28200,SM,47,600.0,18000
2025-12-02,177.0,192.4,177.0,184.8,37800,SM,56,675.0,19200
2025-12-03,190.0,190.9,175.6,175.6,20400,SM,33,618.18,14400
2025-12-04,173.95,173.95,166.85,168.2,4800,SM,8,600.0,3600
2025-12-05,169.95,172.0,160.05,161.95,11400,SM,19,600.0,5400
2025-12-08,160.2,160.2,153.85,155.15,21000,SM,25,840.0,15000
2025-12-09,157.0,162.4,157.0,161.7,6600,SM,11,600.0,3600
2025-12-10,166.95,166.95,155.0,155.2,13200,SM,20,660.0,6600
2025-12-11,154.9,159.95,154.9,155.0,8400,SM,7,1200.0,7800
2025-12-12,155.0,155.05,153.0,154.95,11400,SM,3,3800.0,10800
2025-12-15,159.8,159.8,151.3,152.5,12000,SM,20,600.0,8400
2025-12-16,152.5,154.9,151.0,154.85,4800,SM,6,800.0,3600
2025-12-17,149.35,154.0,149.35,152.05,12000,SM,9,1333.33,11400
2025-12-18,151.2,151.2,151.0,151.0,3000,SM,5,600.0,3000
2025-12-19,156.95,156.95,155.5,155.7,3600,SM,6,600.0,1800
