Date,Open,High,Low,Close,Volume
2018-09-26,1000.0,1000.0,1000.0,1000.0,1000.0
2018-09-28,999.99,999.99,999.99,999.99,299997.0
2018-10-05,1000.01,1000.01,1000.01,1000.01,1000.01
2018-10-11,999.99,999.99,999.99,999.99,27754722.45
2018-10-17,1000.01,1000.0,1000.0,1000.0,4000.02
2018-10-19,1000.01,1000.01,1000.01,1000.01,5000.05
2018-10-22,1000.01,999.99,999.99,1000.01,14293998.94
2018-10-23,1000.01,999.99,999.99,999.99,7134928.85
2018-10-26,1000.01,1000.01,1000.01,1000.01,500005.0
2018-10-29,1000.01,999.99,1000.01,1000.01,22000.0
2018-10-30,1000.01,1000.0,1000.0,1000.0,60000.25
2018-10-31,1000.0,1000.0,1000.0,1000.0,25000.0
2018-11-02,1000.01,1000.01,1000.01,1000.01,68000.68
2018-11-05,999.99,999.99,999.99,999.99,67999.32
2018-11-09,1000.01,1000.01,1000.01,1000.01,192001.92
2018-11-12,1000.01,1000.0,1000.01,1000.01,15282151.44
2018-11-13,1000.01,1000.0,1000.01,1000.01,5000044.98
2018-11-16,1000.01,1000.01,1000.01,1000.01,17582175.82
2018-11-19,1000.01,999.99,1000.01,1000.01,545005.17
2018-11-20,1000.01,1000.0,1000.01,1000.01,10620100.9
2018-11-21,1000.01,999.99,1000.01,1000.01,24999.85
2018-11-22,999.99,999.99,999.99,999.99,9999900.0
2018-11-26,1000.01,999.99,999.99,999.99,1130994.69
2018-11-27,1000.01,999.99,999.99,999.99,23000.01
2018-11-28,1000.0,999.99,1000.0,1000.0,228998.2
2018-11-29,1000.01,999.99,999.99,1000.01,28994726.03
2018-11-30,1000.01,1000.01,1000.01,1000.01,720007.2
2018-12-03,999.99,999.99,999.99,999.99,204997.95
2018-12-04,1000.01,999.99,999.99,999.99,15494000.19
2018-12-05,1000.0,999.99,1000.0,1000.0,19438994.16
2018-12-06,1000.01,999.99,999.99,1000.0,2797998.63
2018-12-07,1000.0,1000.0,1000.0,1000.0,8964000.0
2018-12-10,1000.0,999.99,1000.0,1000.0,57999.97
2018-12-11,1000.01,1000.0,1000.0,1000.0,2070000.15
2018-12-12,1000.01,1000.0,1000.0,1000.0,4490000.05
2018-12-13,1000.01,1000.0,1000.01,1000.01,12725055.95
2018-12-14,1000.01,999.99,1000.0,1000.0,6735009.43
2018-12-17,1011.0,988.0,1000.0,1000.0,1218072.05
2018-12-18,1000.0,1000.0,1000.0,1000.0,14790000.0
2018-12-19,1000.01,1000.0,1000.0,1000.0,5687000.5
2018-12-20,1000.01,1000.0,1000.0,1000.0,329000.23
2018-12-21,1000.0,1000.0,1000.0,1000.0,617000.0
2018-12-24,1000.01,1000.0,1000.0,1000.0,38000.01
2018-12-26,1000.0,1000.0,1000.0,1000.0,10737000.0
2018-12-27,1000.01,1000.0,1000.0,1000.0,1012000.06
2018-12-28,1000.02,1000.0,1000.0,1000.0,11613029.0
2018-12-31,1000.01,1000.0,1000.0,1000.0,789000.42
2019-01-01,1000.01,1000.0,1000.0,1000.0,6905000.1
2019-01-03,1000.01,1000.0,1000.0,1000.0,10102001.02
2019-01-04,1000.01,999.99,1000.0,1000.0,8856999.07
2019-01-07,1000.0,1000.0,1000.0,1000.0,5010000.0
2019-01-08,1000.01,999.99,1000.0,1000.0,5430024.98
2019-01-09,1000.0,999.99,999.99,999.99,309999.72
2019-01-11,1000.0,999.99,1000.0,1000.0,399998.0
2019-01-14,1000.0,999.99,999.99,999.99,5366999.99
2019-01-15,1000.0,1000.0,1000.0,1000.0,2000.0
2019-01-16,1000.0,999.99,1000.0,1000.0,1240993.8
2019-01-17,1000.0,1000.0,1000.0,1000.0,10000.0
2019-01-18,1000.0,1000.0,1000.0,1000.0,691000.0
2019-01-21,1000.0,999.99,999.99,1000.0,1805998.1
2019-01-22,1000.0,1000.0,1000.0,1000.0,725000.0
2019-01-23,1000.0,1000.0,1000.0,1000.0,381000.0
2019-01-24,1000.0,999.99,999.99,999.99,1409997.7
2019-01-25,1000.0,999.99,999.99,999.99,1649991.25
2019-01-28,1000.0,999.99,1000.0,1000.0,2819996.68
2019-01-29,1000.0,1000.0,1000.0,1000.0,10000.0
2019-01-30,1000.0,999.99,1000.0,1000.0,913995.44
2019-01-31,1000.0,999.99,999.99,1000.0,599998.0
2019-02-01,1000.0,999.99,999.99,999.99,1234999.53
2019-02-04,1000.0,1000.0,1000.0,1000.0,370000.0
2019-02-05,1000.0,999.99,999.99,1000.0,934999.95
2019-02-06,1000.0,999.99,999.99,1000.0,4634996.88
2019-02-07,1000.0,999.99,999.99,1000.0,12073999.67
2019-02-08,1000.0,999.99,999.99,999.99,11544998.34
2019-02-11,1000.01,999.99,1000.0,1000.0,18031988.71
2019-02-12,1000.01,999.99,999.99,1000.0,5104999.96
2019-02-13,1000.0,999.99,999.99,1000.0,12163996.09
2019-02-14,1000.01,999.99,999.99,1000.0,23422994.68
2019-02-15,1000.01,999.99,1000.0,1000.0,18579000.61
2019-02-18,1000.01,999.99,999.99,999.99,30170997.22
2019-02-19,1000.01,999.99,999.99,999.99,7553996.72
2019-02-20,1000.01,999.99,999.99,1000.0,59574979.77
2019-02-21,1000.0,999.99,999.99,1000.0,7520985.28
2019-02-22,1000.01,999.99,1000.0,1000.0,34016995.42
2019-02-25,1000.0,999.99,1000.0,1000.0,2262998.48
2019-02-26,1000.0,999.99,999.99,999.99,1196999.75
2019-02-27,1000.0,1000.0,1000.0,1000.0,1716000.0
2019-02-28,1000.0,999.99,1000.0,1000.0,10368997.58
2019-03-01,1000.0,999.99,1000.0,1000.0,61556982.43
2019-03-05,1000.0,999.99,1000.0,1000.0,26263995.09
2019-03-06,1000.0,999.99,1000.0,1000.0,6663985.14
2019-03-07,1000.0,999.99,1000.0,1000.0,6690987.32
2019-03-08,1000.0,1000.0,1000.0,1000.0,625000.0
2019-03-11,1000.0,999.99,1000.0,1000.0,3765998.74
2019-03-12,1000.0,999.99,1000.0,1000.0,28472992.81
2019-03-13,1000.0,999.99,999.99,1000.0,1654994.4
2019-03-14,1000.0,999.99,1000.0,1000.0,14761995.99
2019-03-15,1000.01,999.99,999.99,1000.0,9376993.61
2019-03-18,1000.0,955.3,999.99,1000.0,29715040.13
2019-03-19,1000.0,999.99,999.99,1000.0,35618978.5
2019-03-20,1000.0,999.99,1000.0,1000.0,10441987.01
2019-03-22,1000.01,999.95,1000.0,1000.0,42602827.21
2019-03-25,1000.0,999.99,1000.0,1000.0,33733980.6
2019-03-26,1000.0,999.99,1000.0,1000.0,4575999.68
2019-03-27,1000.0,999.0,1000.0,1000.0,108344670.37
2019-03-28,1000.0,999.99,1000.0,1000.0,2257992.12
2019-03-29,1000.0,999.97,999.99,999.99,32742959.65
2019-04-01,1000.0,999.94,1000.0,1000.0,28329686.95
2019-04-02,1000.0,999.99,1000.0,1000.0,28418994.07
2019-04-03,1000.06,999.99,999.99,1000.0,100470453.1
2019-04-04,1000.01,999.94,999.99,1000.0,101386847.18
2019-04-05,1000.01,999.0,999.99,999.99,49130445.05
2019-04-08,1000.01,999.02,999.26,1000.0,13814851.2
2019-04-09,1000.01,999.99,999.99,1000.0,73285879.75
2019-04-10,1000.01,999.94,999.99,1000.0,108237644.45
2019-04-11,1000.01,999.96,999.99,1000.0,87696741.39
2019-04-12,1000.0,998.0,999.99,1000.0,51187866.16
2019-04-15,1000.01,999.98,999.99,1000.0,74809741.46
2019-04-16,1000.0,999.99,999.99,1000.0,34578918.1
2019-04-18,1000.01,999.01,999.99,1000.0,79571354.17
2019-04-22,1006.0,991.7,999.99,1000.0,75208203.4
2019-04-23,1000.01,999.97,999.99,1000.0,133741541.98
2019-04-24,1000.02,999.99,999.99,1000.0,145645517.92
2019-04-25,1000.01,999.0,999.99,1000.0,33509902.99
2019-04-26,1000.0,999.99,999.99,1000.0,95751695.98
2019-04-30,1000.01,999.98,999.99,1000.0,206207350.09
2019-05-02,1000.01,999.98,999.99,1000.0,130791583.34
2019-05-03,1000.01,999.0,999.99,1000.0,105848566.4
2019-05-06,1000.0,999.98,999.99,1000.0,92304568.42
2019-05-07,1000.01,999.97,999.99,1000.0,146720062.02
2019-05-08,1000.01,999.96,999.98,1000.0,232139217.09
2019-05-09,1000.01,999.0,999.99,1000.0,183692014.28
2019-05-10,1000.01,999.97,999.99,1000.0,204340167.03
2019-05-13,1000.01,999.96,999.98,1000.0,218543357.83
2019-05-14,1000.02,999.97,999.99,1000.0,246112439.67
2019-05-15,1000.01,999.96,999.98,1000.0,252593346.76
2019-05-16,1000.01,999.96,999.98,1000.0,249411990.46
2019-05-17,1000.01,999.97,999.99,1000.0,303525552.71
2019-05-20,1000.01,810.9,999.99,1000.0,283978503.19
2019-05-21,1000.01,999.98,999.99,1000.0,349274241.06
2019-05-22,1010.0,999.97,999.99,1000.0,379728997.54
2019-05-23,1000.0,999.97,999.99,1000.0,431058717.95
2019-05-24,1000.01,999.97,999.99,999.97,198466197.81
2019-05-27,1000.01,999.97,999.99,1000.0,395407156.47
2019-05-28,1000.01,999.97,999.99,1000.0,372604980.95
2019-05-29,1000.0,999.98,999.99,1000.0,232587139.97
2019-05-30,1000.01,999.97,999.99,1000.0,280441338.31
2019-05-31,1000.01,999.98,999.99,1000.0,548906667.6
2019-06-03,1000.01,999.95,999.98,1000.0,343358176.07
2019-06-04,1000.0,999.96,999.99,1000.0,271508319.4
2019-06-06,1000.01,999.98,999.99,1000.0,377292702.81
2019-06-07,1000.01,999.97,999.99,1000.0,586704760.37
2019-06-10,1000.01,999.96,999.99,1000.0,528701461.92
2019-06-11,1000.01,999.98,999.99,1000.0,426669609.29
2019-06-12,1000.01,999.99,999.99,1000.0,314672179.98
2019-06-13,1000.01,999.98,999.99,1000.0,335046015.66
2019-06-14,1000.01,999.98,999.99,1000.0,429672261.67
2019-06-17,1000.01,999.98,999.99,1000.0,294553754.68
2019-06-18,1000.01,999.96,999.99,1000.0,198320592.64
2019-06-19,1000.0,999.95,999.99,1000.0,394520772.59
2019-06-20,1000.0,999.99,1000.0,1000.0,11007997.69
2019-06-21,1000.0,999.99,1000.0,1000.0,3782988.58
2019-06-24,1000.0,999.99,1000.0,1000.0,9098997.14
2019-06-25,1000.0,999.99,1000.0,1000.0,60769987.88
2019-06-26,1000.0,999.99,1000.0,1000.0,10472993.23
2019-06-27,1000.0,999.99,1000.0,1000.0,16937984.47
2019-06-28,1000.0,999.99,1000.0,1000.0,3983999.9
2019-07-01,1000.0,999.99,999.99,999.99,11512999.8
2019-07-02,1000.0,1000.0,1000.0,1000.0,759000.0
2019-07-03,1000.0,999.99,1000.0,1000.0,36125984.34
2019-07-04,1000.0,999.99,1000.0,1000.0,102688999.91
2019-07-05,1000.0,999.99,999.99,1000.0,105038990.15
2019-07-08,1000.0,999.99,999.99,1000.0,5591999.0
2019-07-09,1000.0,999.95,1000.0,1000.0,41060995.89
2019-07-10,1000.0,1000.0,1000.0,1000.0,20969000.0
2019-07-11,1000.0,999.95,1000.0,1000.0,22260998.97
2019-07-12,1000.0,1000.0,1000.0,1000.0,15119000.0
2019-07-15,1000.0,999.95,1000.0,1000.0,6851999.5
2019-07-16,1000.0,999.95,1000.0,1000.0,7778985.95
2019-07-17,1000.0,999.95,1000.0,1000.0,41713998.73
2019-07-18,1000.0,999.95,1000.0,1000.0,9123999.18
2019-07-19,1000.0,999.99,999.99,1000.0,14505999.64
2019-07-22,1000.0,999.95,1000.0,1000.0,13600990.21
2019-07-23,1000.0,999.99,1000.0,1000.0,7224996.93
2019-07-24,1000.0,1000.0,1000.0,1000.0,11907000.0
2019-07-25,1000.0,999.99,1000.0,1000.0,23066990.63
2019-07-26,1000.0,999.95,1000.0,1000.0,12820987.29
2019-07-29,1000.0,999.85,1000.0,1000.0,6650984.37
2019-07-30,1000.0,999.99,1000.0,1000.0,41948999.75
2019-07-31,1000.0,999.99,1000.0,1000.0,10469991.05
2019-08-01,1000.0,999.99,999.99,999.99,9729998.83
2019-08-02,1000.0,999.99,999.99,1000.0,17522996.18
2019-08-05,1000.0,999.99,1000.0,1000.0,3724991.54
2019-08-06,1000.0,999.95,1000.0,1000.0,13804998.5
2019-08-07,1000.0,999.95,1000.0,1000.0,16780995.04
2019-08-08,1000.0,999.99,1000.0,1000.0,8572999.0
2019-08-09,1000.0,999.95,1000.0,1000.0,7651999.39
2019-08-13,1000.0,999.95,999.99,999.99,9156979.24
2019-08-14,1000.0,999.95,1000.0,1000.0,5146992.43
2019-08-16,1000.0,999.95,999.99,1000.0,24438997.5
2019-08-19,1000.0,999.94,999.99,1000.0,10850982.82
2019-08-20,1000.0,999.95,1000.0,1000.0,8045986.99
2019-08-21,1000.0,999.95,1000.0,1000.0,11722999.15
2019-08-22,1000.0,999.95,999.99,1000.0,2062996.89
2019-08-23,1000.0,999.95,1000.0,1000.0,10314994.44
2019-08-26,1000.0,999.95,999.99,1000.0,17968998.58
2019-08-27,1000.0,1000.0,1000.0,1000.0,19943000.0
2019-08-28,1000.0,999.95,999.99,999.99,7342979.17
2019-08-29,1000.0,999.99,1000.0,1000.0,55345999.86
2019-08-30,1000.0,999.99,1000.0,1000.0,24577999.13
2019-09-03,1000.0,999.99,1000.0,1000.0,30698935.81
2019-09-04,1000.0,999.99,1000.0,1000.0,20410981.95
2019-09-05,1000.0,999.99,999.99,1000.0,31352999.59
2019-09-06,1000.0,999.99,1000.0,1000.0,4820985.2
2019-09-09,1000.0,999.99,1000.0,1000.0,28737998.12
2019-09-11,1000.0,999.99,1000.0,1000.0,26951992.3
2019-09-12,1000.0,999.99,1000.0,1000.0,57012981.02
2019-09-13,1000.0,999.99,1000.0,1000.0,33449913.6
2019-09-16,1000.0,999.99,1000.0,1000.0,8177987.0
2019-09-17,1000.0,999.94,999.99,1000.0,18631979.55
2019-09-18,1000.0,999.99,1000.0,1000.0,8623996.5
2019-09-19,1000.0,999.95,999.99,1000.0,11512981.78
2019-09-20,1000.0,999.99,1000.0,1000.0,38840937.16
2019-09-23,1000.0,999.0,1000.0,1000.0,20178981.18
2019-09-24,1000.0,999.99,1000.0,1000.0,28498966.6
2019-09-25,1000.0,999.99,1000.0,1000.0,20956958.48
2019-09-26,1000.0,999.99,1000.0,1000.0,19712980.58
2019-09-27,1000.0,999.95,1000.0,1000.0,16562985.47
2019-09-30,1000.0,999.94,999.99,999.99,54189967.52
2019-10-01,1000.0,999.99,999.99,999.99,21557989.68
2019-10-03,1000.0,999.94,1000.0,1000.0,6844994.08
2019-10-04,1000.0,999.99,999.99,1000.0,37670972.25
2019-10-07,1000.0,999.99,999.99,1000.0,24822968.33
2019-10-09,1000.0,999.95,999.99,1000.0,12748992.26
2019-10-10,1000.0,999.95,1000.0,1000.0,46944944.12
2019-10-11,1000.0,999.99,999.99,1000.0,12731985.5
2019-10-14,1000.0,999.99,1000.0,1000.0,19242960.89
2019-10-15,1000.0,999.99,999.99,1000.0,22527984.29
2019-10-16,1000.0,998.95,999.99,999.99,23183850.55
2019-10-17,1000.0,999.95,999.99,1000.0,14785982.49
2019-10-18,1000.0,999.95,1000.0,1000.0,28483981.2
2019-10-22,1000.0,966.7,999.99,1000.0,60208560.17
2019-10-23,1000.0,999.95,999.99,1000.0,184136164.69
2019-10-24,1000.0,999.99,999.99,1000.0,23301960.42
2019-10-25,1000.0,999.99,999.99,999.99,15933959.13
2019-10-29,1000.04,999.99,1000.0,1000.0,64063974.57
2019-10-30,1000.0,999.99,1000.0,1000.0,14104990.09
2019-10-31,1000.0,999.99,999.99,1000.0,34491995.83
2019-11-01,1000.0,999.99,999.99,1000.0,23062977.66
2019-11-04,1000.0,999.99,999.99,1000.0,17368977.04
2019-11-05,1000.0,999.99,999.99,1000.0,34048961.42
2019-11-06,1000.0,999.95,999.99,1000.0,23338977.97
2019-11-07,1000.0,999.99,1000.0,1000.0,114839962.68
2019-11-08,1000.0,999.99,999.99,1000.0,87386750.02
2019-11-11,1000.0,999.99,999.99,1000.0,32758940.3
2019-11-13,1200.0,992.85,1000.0,1000.0,7731580.4
2019-11-14,1000.01,999.95,1000.0,1000.0,112321028.65
2019-11-15,1000.0,999.99,999.99,1000.0,73198827.39
2019-11-18,1000.0,999.99,1000.0,1000.0,21715955.03
2019-11-19,1000.0,999.95,999.99,1000.0,17709992.68
2019-11-20,1000.0,999.99,999.99,1000.0,54266793.29
2019-11-21,1000.0,999.99,999.99,1000.0,49707782.78
2019-11-22,1000.0,1000.0,1000.0,1000.0,20802000.0
2019-11-25,1000.04,999.99,1000.0,1000.0,58122794.8
2019-11-26,1000.0,999.99,999.99,1000.0,11731997.79
2019-11-27,1000.0,999.99,999.99,1000.0,23626975.56
2019-11-28,1000.0,999.99,999.99,1000.0,14931994.1
2019-11-29,1000.0,999.95,1000.0,1000.0,112194548.84
2019-12-02,1000.0,999.99,999.99,1000.0,16197942.62
2019-12-03,1000.0,999.95,1000.0,1000.0,6740986.71
2019-12-04,1000.0,999.95,999.99,1000.0,13030958.22
2019-12-05,1000.0,999.95,999.99,999.95,29398972.49
2019-12-06,1000.0,999.0,999.99,1000.0,49250941.2
2019-12-09,1000.01,999.95,999.99,1000.0,12267987.14
2019-12-10,1000.04,993.85,999.99,1000.0,39563803.49
2019-12-11,1000.0,999.99,999.99,1000.0,27679989.65
2019-12-12,1000.0,999.99,1000.0,1000.0,6970999.68
2019-12-13,1000.01,993.95,999.99,1000.0,21595703.44
2019-12-16,1000.0,999.95,999.99,999.99,17640992.6
2019-12-17,1000.01,999.99,999.99,1000.0,19060973.86
2019-12-18,1000.0,999.95,999.99,1000.0,9402984.7
2019-12-19,1000.0,998.95,1000.0,1000.0,11553432.9
2019-12-20,1000.0,999.95,1000.0,1000.0,14898961.0
2019-12-23,1000.0,999.5,1000.0,1000.0,15313834.82
2019-12-24,1000.0,999.94,999.99,1000.0,28778984.49
2019-12-26,1000.01,999.95,1000.0,1000.0,30938945.99
2019-12-27,1000.01,999.95,999.99,1000.0,48139899.02
2019-12-30,1000.0,999.75,1000.0,1000.0,14702991.69
2019-12-31,1000.04,998.1,1000.0,1000.0,59317630.02
2020-01-01,1000.0,999.95,999.99,1000.0,13911986.51
2020-01-02,1000.0,999.95,999.99,1000.0,5595998.7
2020-01-03,1000.0,999.95,999.99,1000.0,19048979.19
2020-01-06,1000.0,998.5,1000.0,1000.0,21745954.84
2020-01-07,1000.0,999.95,999.99,999.99,8172985.8
2020-01-08,1000.0,999.95,999.99,1000.0,21281962.36
2020-01-09,1000.0,999.95,999.99,1000.0,26733946.53
2020-01-10,1000.01,999.95,999.99,999.99,30638968.25
2020-01-13,1000.04,999.95,1000.0,1000.0,24259916.11
2020-01-14,1000.0,999.95,1000.0,1000.0,14633982.79
2020-01-15,1000.01,999.95,999.99,999.99,4684981.54
2020-01-16,1000.0,998.95,999.99,1000.0,27218717.74
2020-01-17,1000.05,999.95,1000.0,1000.0,9447976.88
2020-01-20,1000.05,998.55,999.99,1000.0,5979639.39
2020-01-21,1000.0,998.55,999.99,1000.0,19077946.75
2020-01-22,1000.0,999.95,1000.0,1000.0,3688998.07
2020-01-23,1000.01,999.95,999.99,1000.0,20202943.18
2020-01-24,1000.0,998.5,999.99,1000.0,26851953.1
2020-01-27,1000.0,999.94,1000.0,1000.0,56386984.11
2020-01-28,1000.0,998.55,999.99,1000.0,50126767.07
2020-01-29,1000.0,999.95,999.99,1000.0,36965931.7
2020-01-30,1000.0,999.95,999.99,1000.0,23293936.82
2020-01-31,1000.0,999.95,999.99,1000.0,17526992.73
2020-02-03,1000.0,996.95,999.99,1000.0,14036009.12
2020-02-04,1000.0,999.95,999.99,1000.0,33724935.83
2020-02-05,1000.0,999.94,999.99,1000.0,33765868.16
2020-02-06,1000.0,998.55,999.99,1000.0,27215787.26
2020-02-07,1000.0,999.99,1000.0,1000.0,28477921.83
2020-02-10,1000.0,999.94,999.99,1000.0,13866979.72
2020-02-11,1000.04,998.65,1000.0,1000.0,19665979.0
2020-02-12,1000.0,999.99,1000.0,1000.0,10721988.25
2020-02-13,1000.0,999.94,999.99,999.99,11824980.38
2020-02-14,1000.0,999.95,999.99,999.99,6369969.07
2020-02-17,1000.0,999.95,999.99,1000.0,21781958.25
2020-02-18,1000.01,999.95,999.99,1000.0,16526969.94
2020-02-19,1000.0,999.99,1000.0,1000.0,40728874.7
2020-02-20,1000.0,999.94,1000.0,1000.0,36213998.19
2020-02-24,1001.0,999.0,999.99,1000.0,71068857.59
2020-02-25,1000.0,999.95,999.99,1000.0,21119962.16
2020-02-26,1000.0,999.95,999.99,999.99,9828966.55
2020-02-27,1000.01,998.65,999.99,999.99,14626701.65
2020-02-28,1000.0,999.95,999.99,1000.0,30296933.97
2020-03-02,1000.0,998.65,999.99,1000.0,13042899.35
2020-03-03,1000.0,999.0,1000.0,1000.0,4368917.33
2020-03-04,1000.0,999.95,1000.0,1000.0,13695971.06
2020-03-05,1000.0,999.99,999.99,999.99,24191942.98
2020-03-06,1000.0,997.95,999.99,1000.0,9967788.68
2020-03-09,1000.0,999.95,999.99,1000.0,25246979.97
2020-03-11,1000.01,999.0,999.99,1000.0,13251935.43
2020-03-12,1000.0,998.05,1000.0,1000.0,21343218.93
2020-03-13,1000.0,805.95,1000.0,1000.0,27915866.15
2020-03-16,1000.0,995.95,999.9,999.99,30785167.81
2020-03-17,1000.0,999.95,999.99,1000.0,10860948.95
2020-03-18,1000.01,999.95,999.99,999.99,14155986.98
2020-03-19,1000.0,999.5,1000.0,1000.0,7772856.55
2020-03-20,1000.0,999.0,999.99,1000.0,31930886.43
2020-03-23,1010.0,835.0,999.99,1000.0,96604371.88
2020-03-24,1000.0,901.0,999.99,1000.0,10803066.32
2020-03-25,1000.0,999.99,999.99,1000.0,6925981.28
2020-03-26,1000.0,999.0,999.99,1000.0,4667956.21
2020-03-27,1000.0,999.95,999.99,999.99,25549981.15
2020-03-30,1000.0,999.95,999.99,1000.0,12179981.24
2020-03-31,1006.0,999.0,1000.0,1000.0,19523863.75
2020-04-01,1000.0,999.0,999.99,1000.0,19189962.38
2020-04-03,1016.0,998.0,1000.0,1000.0,38704550.0
2020-04-07,1000.0,990.0,999.99,1000.0,11156489.14
2020-04-08,1000.01,905.0,1000.0,1000.0,9933596.92
2020-04-09,1000.0,954.9,999.99,1000.0,19561832.52
2020-04-13,1000.0,975.0,1000.0,1000.0,6134291.74
2020-04-15,1000.0,997.25,1000.0,1000.0,14097874.25
2020-04-16,1000.0,988.0,1000.0,1000.0,1184883.86
2020-04-17,1000.0,991.0,999.99,999.99,13723762.68
2020-04-20,1000.0,999.05,999.99,1000.0,9396939.4
2020-04-21,1000.0,999.71,1000.0,1000.0,7209831.32
2020-04-22,1000.0,999.11,999.99,1000.0,1797960.12
2020-04-23,1000.0,999.6,1000.0,1000.0,4756828.28
2020-04-24,1000.0,998.95,999.97,1000.0,67400579.57
2020-04-27,1000.0,996.8,999.99,999.99,2701963.31
2020-04-28,1000.0,999.94,999.99,1000.0,7948970.84
2020-04-29,1000.0,999.99,999.99,1000.0,2141996.53
2020-04-30,1000.0,996.8,1000.0,1000.0,10357953.22
2020-05-04,1050.0,997.1,999.99,1000.0,8442302.29
2020-05-05,1000.0,997.05,999.99,1000.0,38626446.77
2020-05-06,1000.0,997.1,1000.0,1000.0,11025823.81
2020-05-07,1000.0,999.9,999.99,999.99,36111864.69
2020-05-08,1000.0,997.0,999.99,999.99,27198571.44
2020-05-11,1000.0,999.88,999.99,999.99,31670920.44
2020-05-12,1000.0,999.94,999.99,999.99,23941979.64
2020-05-13,1000.0,997.05,999.99,999.99,15315981.03
2020-05-14,1000.0,999.95,999.99,999.99,5699955.12
2020-05-15,1000.0,999.0,999.99,999.99,2844946.86
2020-05-18,1000.0,997.0,999.99,1000.0,11784013.94
2020-05-19,1000.0,999.94,999.99,1000.0,4077983.2
2020-05-20,1000.0,805.95,1000.0,1000.0,8872731.33
2020-05-21,1000.0,996.0,1000.0,1000.0,31257832.42
2020-05-22,1000.0,999.95,999.99,1000.0,2684993.91
2020-05-26,1000.0,999.95,1000.0,1000.0,16099963.74
2020-05-27,1000.0,999.94,999.99,999.99,1748991.78
2020-05-28,1000.0,997.0,999.99,1000.0,5415889.01
2020-05-29,1000.0,999.95,1000.0,1000.0,10591972.77
2020-06-01,1000.0,999.9,999.99,999.99,19496943.32
2020-06-02,1000.0,997.2,999.99,1000.0,2522879.68
2020-06-03,1000.0,998.95,999.99,1000.0,57278916.84
2020-06-04,1000.0,999.0,999.99,1000.0,5512929.01
2020-06-05,1000.0,999.0,999.99,1000.0,2793892.99
2020-06-08,1000.0,999.95,999.99,999.99,12438964.81
2020-06-09,1000.0,999.99,1000.0,1000.0,4068995.48
2020-06-10,1000.0,999.99,999.99,1000.0,9334985.49
2020-06-11,1000.0,999.5,999.99,1000.0,5081991.78
2020-06-12,1000.0,997.1,999.99,999.99,54937507.02
2020-06-15,1000.01,999.5,999.99,1000.0,7657977.36
2020-06-16,1000.0,999.01,999.99,1000.0,2609975.22
2020-06-17,1000.0,999.99,1000.0,1000.0,2637995.79
2020-06-18,1000.0,999.99,999.99,1000.0,34968986.76
2020-06-19,1000.0,999.01,999.99,1000.0,11376925.71
2020-06-22,1000.0,999.95,999.99,1000.0,7406988.52
2020-06-23,1000.0,999.95,1000.0,1000.0,9181994.07
2020-06-24,1000.0,999.05,999.99,1000.0,7710960.21
2020-06-25,1000.0,997.1,999.99,999.99,17249943.67
2020-06-26,1000.01,999.85,999.99,1000.0,16234967.75
2020-06-29,1000.0,999.95,999.99,999.99,17027993.56
2020-06-30,1000.0,999.02,999.93,1000.0,32074723.94
2020-07-01,1000.0,999.95,999.99,999.99,18414926.63
2020-07-02,1000.0,999.99,999.99,1000.0,4489991.99
2020-07-03,1000.01,999.95,999.99,999.99,5658998.32
2020-07-06,1000.0,999.99,999.99,1000.0,13159955.7
2020-07-07,1000.0,999.99,1000.0,1000.0,24219962.59
2020-07-08,1000.0,999.95,999.99,1000.0,12182950.86
2020-07-09,1000.0,999.95,999.99,1000.0,5887988.82
2020-07-10,1000.04,999.99,1000.0,1000.0,24194993.89
2020-07-13,1000.0,1000.0,999.0,999.99,13154
2020-07-14,1000.01,999.1,999.99,1000.0,10909893.8
2020-07-15,1000.0,999.95,1000.0,1000.0,2939999.0
2020-07-16,1000.0,999.95,999.99,1000.0,2270996.87
2020-07-17,1000.0,999.0,999.99,999.99,6162976.58
2020-07-20,1000.01,999.95,999.99,1000.0,6633981.87
2020-07-21,1005.0,999.94,999.99,1000.0,19793891.58
2020-07-22,1000.01,999.95,999.99,999.99,12201955.72
2020-07-23,1000.01,999.95,1000.0,1000.0,6583993.27
2020-07-24,1000.0,999.95,999.99,1000.0,5452973.51
2020-07-27,1000.0,999.95,999.99,1000.0,4775995.47
2020-07-28,1000.0,999.99,999.99,1000.0,1990990.8
2020-07-29,1000.0,999.99,999.99,1000.0,5450974.09
2020-07-30,1000.0,999.99,999.99,1000.0,4204981.39
2020-07-31,1000.0,998.65,999.99,1000.0,30261617.26
2020-08-03,1000.01,998.95,999.99,999.99,11546933.25
2020-08-04,1000.0,999.99,999.99,1000.0,25943941.59
2020-08-05,1000.0,999.99,999.99,1000.0,7236990.41
2020-08-06,1000.0,999.95,999.99,999.99,22137945.05
2020-08-07,1000.0,999.94,999.99,1000.0,13298923.78
2020-08-10,1000.0,999.99,1000.0,1000.0,9406962.8
2020-08-11,1000.0,999.94,999.99,1000.0,11548945.75
2020-08-12,1000.0,999.94,999.99,999.99,26475946.77
2020-08-13,1000.01,999.94,999.99,1000.0,12096921.1
2020-08-14,1000.0,999.99,999.99,1000.0,16813952.93
2020-08-17,1000.01,999.95,999.99,1000.0,9041978.41
2020-08-18,1005.0,999.95,999.99,999.99,9795972.83
2020-08-19,1000.0,999.55,1000.0,1000.0,3230973.5
2020-08-20,1000.0,999.95,999.99,1000.0,19419991.04
2020-08-21,1000.0,999.99,999.99,999.99,10082973.67
2020-08-24,1005.0,999.05,1000.0,1000.0,12838933.38
2020-08-25,1000.0,999.94,999.99,1000.0,2307996.0
2020-08-26,1000.0,999.95,999.99,999.99,5854956.34
2020-08-27,1000.0,999.94,999.99,999.99,112113893.59
2020-08-28,1000.01,999.94,999.99,1000.0,31983906.17
2020-08-31,1000.0,984.0,999.99,1000.0,40446364.74
2020-09-01,1000.01,999.95,999.99,1000.0,7115961.88
2020-09-02,1000.0,999.94,999.99,1000.0,4325976.97
2020-09-03,1000.0,984.0,999.99,999.99,5228429.69
2020-09-04,1000.0,998.65,1000.0,1000.0,2758846.22
2020-09-07,1000.01,999.45,999.99,1000.0,10636471.26
2020-09-08,1000.0,999.5,999.99,1000.0,51475989.92
2020-09-09,1000.04,999.95,999.99,1000.0,15035985.61
2020-09-10,1000.0,999.95,999.99,1000.0,3575982.97
2020-09-11,1000.0,999.95,1000.0,1000.0,34566995.13
2020-09-14,1000.0,995.99,999.93,999.98,5880259.35
2020-09-15,1000.0,999.95,999.99,999.99,5412978.61
2020-09-16,1000.01,998.65,999.99,1000.0,8362928.07
2020-09-17,1000.0,999.95,999.99,999.99,8596987.21
2020-09-18,1000.01,999.95,999.99,1000.0,17164961.21
2020-09-21,1000.0,999.95,999.99,1000.0,21609969.57
2020-09-22,1000.0,999.95,999.99,999.99,7037990.1
2020-09-23,1000.0,999.5,999.99,1000.0,2045985.42
2020-09-24,1000.0,999.95,999.99,999.99,141435908.33
2020-09-25,1000.01,999.55,999.99,999.99,6594976.18
2020-09-28,1006.0,998.65,1000.0,1000.0,13725858.75
2020-09-29,1000.0,999.95,999.99,1000.0,8287998.16
2020-09-30,1000.0,998.65,999.99,999.99,15952778.41
2020-10-01,1000.0,998.65,999.99,1000.0,5537992.35
2020-10-05,1005.0,999.99,999.99,1000.0,4276048.94
2020-10-06,1000.0,999.5,999.99,1000.0,4976987.01
2020-10-07,1000.01,999.99,999.99,1000.0,6383985.12
2020-10-08,1000.0,999.45,1000.0,1000.0,16190418.22
2020-10-09,1000.01,999.95,999.99,1000.0,1735999.31
2020-10-12,1000.0,999.95,1000.0,1000.0,3233984.59
2020-10-13,1000.0,999.99,999.99,999.99,1532986.98
2020-10-14,1000.0,999.95,1000.0,1000.0,6005999.14
2020-10-15,1000.01,999.5,1000.0,1000.0,2852885.54
2020-10-16,1000.0,999.99,999.99,999.99,30295996.57
2020-10-19,1000.0,999.95,999.99,999.99,12029981.54
2020-10-20,1000.01,998.5,1000.0,1000.0,49346777.63
2020-10-21,1000.0,999.99,999.99,999.99,8144979.12
2020-10-22,1000.0,998.65,999.99,1000.0,2115959.03
2020-10-23,1000.0,999.5,999.99,1000.0,8635986.19
2020-10-26,1005.0,999.99,999.99,1000.0,2000992.49
2020-10-27,1000.0,999.95,999.99,1000.0,872998.46
2020-10-28,1000.0,999.95,999.99,999.99,16865949.01
2020-10-29,1000.0,997.65,999.99,999.99,33585157.33
2020-10-30,1000.0,999.99,1000.0,1000.0,2508999.95
2020-11-02,1000.0,999.95,999.99,1000.0,10569995.44
2020-11-03,1000.0,999.99,1000.0,1000.0,77384994.76
2020-11-04,1000.0,999.99,999.99,1000.0,5747996.04
2020-11-05,1000.0,999.99,1000.0,1000.0,18989998.02
2020-11-06,1000.0,999.99,999.99,1000.0,11055978.14
2020-11-09,1000.05,999.99,999.99,1000.0,7316993.15
2020-11-10,1000.0,999.95,999.99,1000.0,13202999.2
2020-11-11,1000.0,999.0,999.99,1000.0,16391968.37
2020-11-12,1000.0,998.5,999.99,999.99,5119855.67
2020-11-13,1000.0,999.99,999.99,1000.0,5499995.64
2020-11-17,1000.0,999.94,999.99,1000.0,24177997.71
2020-11-18,1000.01,999.54,999.99,999.99,93759017.45
2020-11-19,1000.04,998.5,999.99,1000.0,21226591.27
2020-11-20,1000.0,999.5,999.99,1000.0,21117958.6
2020-11-23,1000.0,999.5,999.99,999.99,11667953.98
2020-11-24,1000.0,999.99,999.99,999.99,9352996.86
2020-11-25,1000.0,999.99,1000.0,1000.0,11224995.65
2020-11-26,1000.0,999.95,999.99,999.99,3941998.69
2020-11-27,1000.0,999.99,999.99,1000.0,12312960.48
2020-12-01,1000.0,998.65,999.99,999.99,9060853.11
2020-12-02,1000.0,999.99,999.99,1000.0,11084996.1
2020-12-03,1000.0,998.65,999.99,999.99,48072710.34
2020-12-04,1000.0,999.99,999.99,1000.0,11100992.99
2020-12-07,1000.03,999.98,999.99,999.99,20392944.56
2020-12-08,1000.0,999.5,999.99,1000.0,17247440.01
2020-12-09,1000.0,999.99,999.99,1000.0,3585997.74
2020-12-10,1000.0,999.99,999.99,1000.0,13909971.71
2020-12-11,1000.0,999.0,999.99,1000.0,20815959.13
2020-12-14,1000.0,999.5,999.99,1000.0,37814826.38
2020-12-15,1000.0,999.55,999.99,999.99,19767888.2
2020-12-16,1000.01,999.95,999.99,999.99,14763964.02
2020-12-17,1000.0,999.99,1000.0,1000.0,13668994.79
2020-12-18,1014.3,999.0,999.99,999.99,18042269.06
2020-12-21,1003.41,999.0,999.99,999.99,31445527.62
2020-12-22,1000.0,999.55,999.99,1000.0,24678654.52
2020-12-23,1000.0,999.95,999.99,1000.0,7217972.23
2020-12-24,1000.0,999.0,999.77,999.99,38923324.77
2020-12-28,1000.0,999.58,999.99,1000.0,8121994.96
2020-12-29,1000.04,999.5,999.99,1000.0,28866977.06
2020-12-30,1000.01,999.0,999.99,1000.0,17602964.63
2020-12-31,1000.0,999.99,999.99,999.99,11940987.04
2021-01-01,1000.0,999.5,999.99,1000.0,17997926.71
2021-01-04,1000.0,999.45,999.99,1000.0,12200995.62
2021-01-05,1000.0,999.0,999.99,1000.0,14651321.61
2021-01-06,1000.0,999.99,999.99,1000.0,28628951.12
2021-01-07,1005.0,999.5,999.99,1000.0,84774984.07
2021-01-08,1000.01,999.45,999.99,1000.0,13331955.66
2021-01-11,1005.0,999.99,1000.0,1000.0,17349978.99
2021-01-12,1009.11,999.45,999.99,1000.0,76309993.42
2021-01-13,1000.0,999.95,999.99,1000.0,22379979.67
2021-01-14,1000.0,999.5,999.99,999.99,34644700.06
2021-01-15,1000.0,999.5,999.92,1000.0,20651777.7
2021-01-18,1000.0,999.45,999.98,1000.0,28377485.64
2021-01-19,1000.0,999.0,999.99,1000.0,3728894.31
2021-01-20,1000.0,999.5,999.99,1000.0,11123906.45
2021-01-21,1002.0,999.4,999.99,1000.0,9299872.42
2021-01-22,1002.0,999.0,999.99,1000.0,14527981.35
2021-01-25,1010.0,999.0,999.99,999.99,2533638.05
2021-01-27,1000.0,999.45,999.99,1000.0,47729986.67
2021-01-28,1000.0,998.65,999.98,999.99,15946598.67
2021-01-29,1002.0,999.45,999.99,1000.0,19520927.2
2021-02-01,1000.0,999.95,999.99,1000.0,8568939.66
2021-02-02,1000.0,999.0,999.99,1000.0,11191914.64
2021-02-03,1000.0,999.99,999.99,1000.0,21670995.58
2021-02-04,1000.0,999.99,1000.0,1000.0,25051994.77
2021-02-05,1000.0,999.5,999.99,999.99,8623970.27
2021-02-08,1000.0,999.99,999.99,999.99,23843956.25
2021-02-09,1000.0,999.99,1000.0,1000.0,4316980.7
2021-02-10,1000.0,999.5,999.99,1000.0,13057924.12
2021-02-11,1000.0,999.99,999.99,1000.0,22300893.84
2021-02-12,1000.0,999.5,999.99,999.99,16904047.82
2021-02-15,1002.0,999.99,999.99,1000.0,11827991.42
2021-02-16,1000.04,999.99,1000.0,1000.0,11429990.76
2021-02-17,1000.0,999.0,999.99,999.99,7229431.44
2021-02-18,1000.0,999.5,999.99,1000.0,42472756.48
2021-02-19,1000.01,999.5,999.99,1000.0,32265918.46
2021-02-22,1000.04,999.98,999.99,1000.0,8898940.53
2021-02-23,1000.0,999.5,999.99,1000.0,7309973.01
2021-02-24,1000.0,999.95,999.99,1000.0,1269989.1
2021-02-25,1000.01,999.5,999.99,1000.0,52459804.57
2021-02-26,1000.0,995.95,999.99,1000.0,14849149.15
2021-03-01,1000.0,999.45,999.99,999.99,4148989.03
2021-03-02,1000.0,999.0,999.99,1000.0,10015911.22
2021-03-03,1000.0,999.99,999.99,1000.0,2284987.51
2021-03-04,1000.0,999.99,999.99,999.99,1306990.47
2021-03-05,1000.0,999.95,999.99,1000.0,19562913.97
2021-03-08,1000.04,999.0,999.99,1000.0,30631787.9
2021-03-09,1000.01,999.95,1000.0,1000.0,19129929.7
2021-03-10,1000.0,999.75,999.95,999.99,44151273.52
2021-03-12,1000.0,999.95,999.99,1000.0,17911964.38
2021-03-15,1000.0,999.95,1000.0,1000.0,16121991.78
2021-03-16,1000.0,992.95,999.99,999.99,11723111.8
2021-03-17,1000.0,999.99,999.99,999.99,28658917.12
2021-03-18,1000.0,999.99,999.99,1000.0,8267986.27
2021-03-19,1000.0,999.99,999.99,1000.0,3751984.57
2021-03-22,1000.0,999.99,1000.0,1000.0,7583957.37
2021-03-23,1000.0,999.99,1000.0,1000.0,40337984.29
2021-03-24,1000.0,999.5,999.99,1000.0,7189989.59
2021-03-25,1000.0,999.95,999.99,1000.0,56302976.13
2021-03-26,1000.0,999.99,1000.0,1000.0,5666986.72
2021-03-30,1000.05,999.6,999.95,1000.0,8183988.69
2021-03-31,1000.0,999.45,999.99,999.99,54519994.1
2021-04-01,1000.0,999.99,999.99,1000.0,27080971.83
2021-04-05,1000.01,999.95,999.99,999.99,26421967.96
2021-04-06,1000.0,999.5,999.99,999.99,10578980.58
2021-04-07,1000.0,999.98,1000.0,1000.0,19427967.4
2021-04-08,1000.0,999.99,1000.0,1000.0,15803990.14
2021-04-09,1000.0,999.99,1000.0,1000.0,21128991.0
2021-04-12,1005.0,999.5,999.99,1000.0,31371919.45
2021-04-13,1000.0,999.5,999.8,1000.0,65492233.84
2021-04-15,1000.0,999.99,999.99,999.99,4633990.51
2021-04-16,1000.0,999.99,999.99,1000.0,16984995.92
2021-04-19,1000.0,995.0,1000.0,1000.0,7873897.47
2021-04-20,1000.0,999.5,999.99,1000.0,2014821.91
2021-04-22,1000.0,999.99,999.99,1000.0,17283996.85
2021-04-23,1000.0,999.99,1000.0,1000.0,41626999.55
2021-04-26,1000.0,999.5,999.99,1000.0,4885851.34
2021-04-27,1000.0,999.94,999.99,999.99,9899998.13
2021-04-28,1000.0,999.5,1000.0,1000.0,9713829.27
2021-04-29,1000.0,999.5,1000.0,1000.0,15996945.74
2021-04-30,1000.0,999.5,999.99,1000.0,8765950.67
2021-05-03,1000.0,999.99,999.99,999.99,11157993.46
2021-05-04,1000.04,999.5,999.99,999.99,2762964.35
2021-05-05,1000.01,999.95,999.99,1000.0,34654987.5
2021-05-06,1000.0,999.99,1000.0,1000.0,24633994.32
2021-05-07,1000.0,999.99,999.99,999.99,20555988.91
2021-05-10,1000.0,991.0,999.58,997.0,59195341.34
2021-05-11,1000.0,999.5,999.99,999.99,32909686.79
2021-05-12,1000.0,999.5,999.99,1000.0,27719675.13
2021-05-14,1000.0,999.5,999.99,1000.0,8926747.39
2021-05-17,1000.0,999.99,999.99,999.99,5423996.86
2021-05-18,1000.0,999.53,999.99,999.99,3050978.24
2021-05-19,1000.0,999.95,999.99,1000.0,12155985.21
2021-05-20,1040.0,999.99,1000.0,1000.0,19769116.36
2021-05-21,1000.0,998.0,999.99,1000.0,32266971.05
2021-05-24,1000.0,999.99,1000.0,1000.0,15437972.61
2021-05-25,1000.0,998.35,999.99,1000.0,3843794.57
2021-05-26,1000.01,999.99,999.99,1000.0,11774935.35
2021-05-27,1000.01,999.5,1000.0,1000.0,1896988.95
2021-05-28,1000.0,999.5,999.99,999.99,13984858.2
2021-05-31,1000.0,999.5,999.99,1000.0,53027956.99
2021-06-01,1004.95,999.99,999.99,999.99,9139988.57
2021-06-02,1020.0,993.1,999.99,1000.0,10982197.96
2021-06-03,1000.0,999.5,999.99,1000.0,10924985.45
2021-06-04,1018.0,999.99,999.99,999.99,54713327.15
2021-06-07,1000.0,999.5,1000.0,1000.0,28787241.77
2021-06-08,1000.0,999.99,999.99,1000.0,36713994.38
2021-06-09,1000.0,999.99,999.99,1000.0,40504989.02
2021-06-10,1000.0,999.99,999.99,1000.0,107624998.27
2021-06-11,1000.0,999.99,999.99,1000.0,32137983.73
2021-06-14,1002.0,999.5,1000.0,1000.0,6543986.87
2021-06-15,1018.0,999.99,999.99,1000.0,122105219.14
2021-06-16,1005.0,999.5,999.99,1000.0,4168639.38
2021-06-17,1002.01,999.5,999.99,999.99,38655176.41
2021-06-18,1002.82,999.95,1000.0,1000.0,25234054.7
2021-06-21,1005.0,999.45,1000.0,1000.0,21390916.24
2021-06-22,1002.8,999.99,999.99,1000.0,20905963.74
2021-06-23,1005.0,999.5,1000.0,999.99,30391648.05
2021-06-24,1000.0,999.99,999.99,999.99,18020977.36
2021-06-25,1002.0,999.99,999.99,999.99,16859930.4
2021-06-28,1000.0,999.99,999.99,1000.0,7871975.55
2021-06-29,1000.0,999.95,1000.0,1000.0,29086987.6
2021-06-30,1000.0,999.99,1000.0,1000.0,63746996.48
2021-07-01,1002.0,999.5,999.99,1000.0,55386978.82
2021-07-02,1000.0,999.5,999.99,1000.0,13877437.92
2021-07-05,1005.0,999.95,999.99,1000.0,6749971.36
2021-07-06,1000.0,999.5,1000.0,1000.0,88231925.87
2021-07-07,1000.0,999.99,999.99,999.99,18673993.13
2021-07-08,1000.0,999.99,1000.0,1000.0,10612996.44
2021-07-09,1000.01,999.99,1000.0,1000.0,45208141.52
2021-07-12,1000.0,999.99,1000.0,1000.0,33021990.5
2021-07-13,1000.0,999.99,999.99,999.99,215598985.54
2021-07-14,1000.0,999.99,999.99,1000.0,10542992.99
2021-07-15,1000.0,999.99,999.99,1000.0,36188995.68
2021-07-16,1000.0,999.5,999.99,999.99,16482984.27
2021-07-19,1010.0,999.5,999.99,1000.0,12441012.83
2021-07-20,1000.0,999.45,999.99,1000.0,10737578.19
2021-07-22,1000.0,999.95,999.99,999.99,7246998.08
2021-07-23,1004.9,999.01,999.99,1000.0,48178069.18
2021-07-26,1000.0,999.5,999.99,1000.0,24859857.2
2021-07-27,1000.0,999.95,999.99,1000.0,15825981.01
2021-07-28,1000.0,999.45,1000.0,1000.0,20378708.62
2021-07-29,1000.0,999.5,999.99,999.99,1219944.67
2021-07-30,1000.0,999.99,999.99,999.99,14942999.44
2021-08-02,1010.0,999.5,999.99,1000.0,8568667.41
2021-08-03,1000.05,999.0,999.97,1000.0,63602142.93
2021-08-04,1000.01,991.1,1000.0,1000.0,27572004.18
2021-08-05,1010.0,999.0,999.99,999.99,27809702.0
2021-08-06,1000.0,999.99,1000.0,1000.0,75776984.79
2021-08-09,1004.5,999.6,999.99,1000.0,26878089.46
2021-08-10,1000.02,997.16,999.99,1000.0,2794922.14
2021-08-11,1008.0,999.0,999.99,1000.0,162008172.0
2021-08-12,1000.0,999.95,999.99,1000.0,163952985.91
2021-08-13,1000.0,999.5,999.99,999.99,84964914.96
2021-08-16,1000.0,999.99,999.99,999.99,5726974.82
2021-08-17,1008.0,999.5,999.99,1000.0,27340039.39
2021-08-18,1000.0,999.99,1000.0,1000.0,18903999.12
2021-08-20,1000.01,999.99,999.99,1000.0,65222977.98
2021-08-23,1000.0,999.99,999.99,999.99,95039997.54
2021-08-24,1000.0,999.99,1000.0,1000.0,12418980.92
2021-08-25,1000.01,999.99,1000.0,1000.0,11428995.65
2021-08-26,1000.0,999.99,1000.0,1000.0,35850999.49
2021-08-27,1000.0,999.99,999.99,999.99,16676999.19
2021-08-30,1000.0,999.0,1000.0,1000.0,239345973.67
2021-08-31,1000.0,999.99,999.99,1000.0,20459996.75
2021-09-01,1000.0,999.5,999.99,999.99,31544818.32
2021-09-02,1000.0,990.0,999.99,999.99,14608771.33
2021-09-03,1000.0,990.0,999.99,1000.0,126227046.39
2021-09-06,1000.0,999.99,999.99,1000.0,6365969.59
2021-09-07,1000.0,999.99,1000.0,1000.0,4221999.72
2021-09-08,1008.95,999.99,999.99,999.99,2696032.51
2021-09-09,1000.0,998.0,1000.0,1000.0,331975981.29
2021-09-13,1000.01,999.99,999.99,999.99,387233064.96
2021-09-14,1008.9,999.01,999.99,999.99,22000140.93
2021-09-15,1000.01,998.8,999.99,1000.0,82769989.4
2021-09-16,1001.0,999.0,999.99,1000.0,50290953.47
2021-09-17,1000.0,999.99,1000.0,1000.0,5719999.79
2021-09-20,1005.0,998.0,999.99,1000.0,2443998.1
2021-09-21,1000.01,991.05,999.99,1000.0,117617889.63
2021-09-22,1000.01,999.99,999.99,1000.0,43494016.12
2021-09-23,1000.0,999.99,1000.0,1000.0,7651999.95
2021-09-24,1000.0,999.5,999.99,1000.0,30361632.91
2021-09-27,1000.01,999.5,999.99,1000.0,57338985.02
2021-09-28,1000.0,999.99,999.99,1000.0,18376996.12
2021-09-29,1000.0,999.51,999.99,1000.0,20047616.05
2021-09-30,1000.01,999.99,1000.0,1000.0,143852023.45
2021-10-01,1000.01,999.5,999.99,999.99,42531522.87
2021-10-04,1000.0,991.15,999.99,1000.0,3024804.25
2021-10-05,1000.0,999.5,999.99,1000.0,39459855.43
2021-10-06,1000.0,999.98,999.99,1000.0,16325999.31
2021-10-07,1000.0,999.0,999.73,1000.0,82883796.6
2021-10-08,1000.0,999.99,999.99,1000.0,183675990.77
2021-10-11,1000.0,998.51,999.99,999.99,3187867.13
2021-10-12,1000.01,999.99,999.99,1000.0,27697949.59
2021-10-13,1000.0,990.0,999.99,1000.0,406679780.98
2021-10-14,1000.0,998.01,999.99,1000.0,14876954.2
2021-10-18,1005.0,999.5,999.58,1000.0,3699923.7
2021-10-19,1000.0,999.99,999.99,1000.0,11628974.29
2021-10-20,1000.7,999.99,999.99,999.99,8122999.52
2021-10-21,1000.0,999.99,999.99,999.99,57287987.65
2021-10-22,1000.0,999.99,999.99,1000.0,5697984.19
2021-10-25,1000.0,971.5,999.99,1000.0,8329264.74
2021-10-26,1008.5,990.15,999.99,1000.0,36050480.55
2021-10-27,1000.0,999.99,999.99,999.99,39626955.54
2021-10-28,1000.0,999.48,999.89,1000.0,137681128.19
2021-10-29,1008.0,999.41,999.99,999.99,416981903.47
2021-11-01,1005.0,991.15,999.98,1000.0,11215232.59
2021-11-02,1008.0,998.49,999.99,1000.0,8681818.07
2021-11-03,1000.0,999.99,999.99,1000.0,58749986.75
2021-11-04,1000.0,999.99,999.99,1000.0,8892970.32
2021-11-08,1000.0,999.5,999.99,1000.0,71875876.17
2021-11-09,1000.0,998.74,999.99,999.99,19857968.98
2021-11-10,1000.01,999.99,1000.0,1000.0,37203129.17
2021-11-11,1000.0,999.5,999.99,1000.0,403529756.03
2021-11-12,1000.0,999.33,999.99,999.99,124911937.26
2021-11-15,1002.38,999.99,999.99,1000.0,178961360.59
2021-11-16,1004.85,999.99,999.99,999.99,153186532.69
2021-11-17,1000.01,990.0,999.99,1000.0,33586526.86
2021-11-18,1000.01,995.05,1000.0,1000.0,35524867.33
2021-11-22,1000.01,990.0,1000.0,1000.01,12111113.83
2021-11-23,1000.0,999.94,999.99,999.99,31389823.37
2021-11-24,1001.05,998.05,999.9,999.99,207227009.67
2021-11-25,1000.0,989.9,999.99,1000.0,304004822.52
2021-11-26,1000.01,999.5,1000.0,1000.0,35172857.86
2021-11-29,1000.0,990.6,999.58,999.5,23452245.78
2021-11-30,1000.04,999.55,999.99,999.99,18294961.45
2021-12-01,1000.01,999.5,999.99,1000.0,113277027.98
2021-12-02,1000.0,999.99,999.99,999.99,73774974.4
2021-12-03,1000.04,999.55,999.99,1000.0,48948031.16
2021-12-06,1000.04,999.99,1000.0,1000.0,13249987.04
2021-12-07,1000.0,999.99,999.99,1000.0,5731971.69
2021-12-08,1000.04,999.99,999.99,999.99,147460972.37
2021-12-09,1005.0,999.99,999.99,999.99,5269988.95
2021-12-10,1008.9,999.99,999.99,999.99,360935118.89
2021-12-13,1000.0,995.54,1000.0,1000.0,74947887.19
2021-12-14,1008.9,999.99,1000.0,1000.0,6036992.9
2021-12-15,1000.0,999.95,1000.0,1000.0,11279998.94
2021-12-16,1000.0,999.54,999.99,1000.0,8387986.92
2021-12-17,1000.0,999.95,999.99,1000.0,10235984.68
2021-12-20,1000.05,995.5,999.99,1000.0,48121102.66
2021-12-21,1000.0,997.0,999.99,1000.0,244792856.7
2021-12-22,1000.01,999.98,999.99,999.99,48687983.73
2021-12-23,1000.0,997.0,999.99,1000.0,11489531.09
2021-12-24,1000.0,999.96,1000.0,1000.0,36967967.28
2021-12-27,1005.0,999.51,1000.0,1000.0,84744995.06
2021-12-28,1000.0,999.98,1000.0,1000.0,27003866.13
2021-12-29,1000.0,995.5,999.99,999.99,103607601.54
2021-12-30,1000.01,999.5,1000.0,1000.0,52337725.3
2021-12-31,1000.0,999.99,999.99,1000.0,8099997.3
2022-01-03,1000.06,999.01,999.99,1000.0,73678981.84
2022-01-04,1000.0,999.65,999.99,1000.0,10906974.37
2022-01-05,1000.01,999.55,999.99,999.99,32802997.62
2022-01-06,1000.0,995.5,999.99,999.99,79289734.21
2022-01-07,1000.0,999.5,999.99,1000.0,22801905.61
2022-01-10,1007.7,999.99,999.99,999.99,34191353.29
2022-01-11,1000.0,998.0,1000.0,1000.0,17973466.94
2022-01-12,1000.0,999.5,1000.0,1000.0,475044974.33
2022-01-13,1000.0,999.51,1000.0,1000.0,33376911.39
2022-01-14,1000.0,999.6,999.99,999.99,24046997.9
2022-01-17,1000.01,999.99,1000.0,1000.0,150048979.58
2022-01-18,1010.0,999.56,999.99,1000.0,54513897.8
2022-01-19,1000.0,999.99,999.99,1000.0,29367985.32
2022-01-20,1000.0,997.0,999.99,1000.0,16483411.18
2022-01-21,1000.01,999.5,999.99,1000.0,79634734.61
2022-01-24,1000.01,999.5,999.99,1000.0,182676987.83
2022-01-25,1000.0,999.5,999.99,1000.0,41457255.13
2022-01-27,1000.01,980.0,999.99,1000.0,263936567.67
2022-01-28,1009.77,999.57,999.99,1000.0,52576944.43
2022-01-31,1000.0,999.99,1000.0,1000.0,71575998.09
2022-02-01,1000.0,999.5,1000.0,1000.0,128761938.13
2022-02-02,1000.0,999.54,999.99,999.99,69811985.0
2022-02-03,1000.01,999.99,999.99,1000.0,232094048.17
2022-02-04,1000.0,999.99,999.99,1000.0,43230989.34
2022-02-07,1000.01,999.52,999.99,1000.0,177599980.51
2022-02-08,1000.0,999.51,1000.0,1000.0,165799989.03
2022-02-09,1000.01,999.99,1000.0,1000.0,415519997.79
2022-02-10,1000.01,999.99,999.99,999.99,146307066.05
2022-02-11,1000.0,999.99,999.99,1000.0,52008999.26
2022-02-14,1000.44,999.52,1000.0,999.99,180867066.1
2022-02-15,1008.0,999.99,1000.0,1000.0,41027012.15
2022-02-16,1000.0,999.53,999.99,1000.0,43823929.47
2022-02-17,1010.0,999.99,999.99,1000.0,50210938.17
2022-02-18,1000.01,999.99,999.99,1000.0,19209997.98
2022-02-21,1000.0,999.99,999.99,999.99,61511993.4
2022-02-22,1008.0,999.98,999.99,1000.0,37368110.13
2022-02-23,1000.0,999.99,999.99,1000.0,67847978.04
2022-02-24,1000.01,999.5,999.99,999.5,406736987.2
2022-02-25,1000.01,999.51,999.99,999.99,85960925.74
2022-02-28,1000.1,999.94,999.99,1000.0,101459995.87
2022-03-02,1008.0,999.51,999.99,1000.0,29626774.7
2022-03-03,1010.0,999.99,999.99,999.99,68198039.96
2022-03-04,1000.01,996.0,999.99,999.99,49207391.01
2022-03-07,1004.67,998.0,999.99,1000.0,94916817.98
2022-03-08,1000.99,999.99,1000.0,1000.0,106665014.39
2022-03-09,1000.0,999.0,999.99,1000.0,484526974.51
2022-03-10,1000.0,999.0,999.99,1000.0,39182715.19
2022-03-11,1000.0,998.99,999.99,1000.0,38468541.23
2022-03-14,1005.0,999.99,999.99,1000.0,54644976.65
2022-03-15,1000.0,999.5,999.99,1000.0,141263297.1
2022-03-16,1000.01,999.99,999.99,999.99,60238991.36
2022-03-17,1000.01,999.01,1000.0,1000.0,67490730.15
2022-03-21,1000.01,999.99,1000.0,1000.0,115345993.5
2022-03-22,1058.36,995.0,999.99,999.99,96220320.54
2022-03-23,1000.01,999.5,999.99,999.99,149683921.98
2022-03-24,1000.0,999.99,999.99,1000.0,57291933.4
2022-03-25,1000.01,999.5,999.99,999.99,146789972.04
2022-03-28,1000.01,999.5,999.99,999.99,105779810.5
2022-03-29,1000.01,999.5,1000.0,1000.0,42774949.81
2022-03-30,1002.0,999.01,1000.0,999.99,90729955.91
2022-03-31,1000.0,999.0,999.99,999.99,52239995.78
2022-04-01,1004.84,997.55,999.99,1000.0,136549899.82
2022-04-04,1000.01,999.9,1000.0,1000.01,36132026.06
2022-04-05,1000.0,999.99,1000.0,1000.0,68219999.67
2022-04-06,1010.0,999.99,1000.15,1000.01,287405826.11
2022-04-07,1000.01,999.01,999.99,1000.0,95772701.93
2022-04-08,1000.0,999.01,999.99,1000.0,224961715.79
2022-04-11,1000.01,999.5,999.99,999.99,727563976.12
2022-04-12,1000.01,999.29,999.99,999.99,194013890.14
2022-04-13,1018.0,999.31,999.99,1000.0,136308980.62
2022-04-18,1000.8,999.98,999.99,999.99,61963203.04
2022-04-19,1000.5,999.99,999.99,1000.0,54865104.47
2022-04-20,1000.01,999.99,999.99,1000.0,156642077.11
2022-04-21,1000.0,999.01,999.99,999.99,43476882.35
2022-04-22,1000.0,999.99,999.99,999.99,47282983.97
2022-04-25,1002.0,999.8,999.99,1000.0,112994980.26
2022-04-26,1000.0,999.85,999.99,1000.0,42765529.47
2022-04-27,1000.0,999.5,999.98,999.99,121548386.49
2022-04-28,1000.0,999.99,999.99,1000.0,167059991.35
2022-04-29,1000.51,997.15,999.99,1000.0,205829977.15
2022-05-02,1039.0,999.0,999.99,999.99,172030290.72
2022-05-04,1000.0,999.01,999.99,999.99,54519958.33
2022-05-05,1000.0,999.01,999.99,1000.0,169809997.78
2022-05-06,1000.01,999.01,999.99,999.99,765578842.59
2022-05-09,1000.0,999.01,999.99,999.99,63994882.72
2022-05-10,1001.91,999.99,999.99,999.99,128396014.22
2022-05-12,1000.01,998.5,999.99,1000.0,44911857.72
2022-05-13,1000.01,999.99,1000.0,1000.0,146687986.08
2022-05-16,1005.0,991.5,996.49,1000.0,132055901.97
2022-05-17,1000.01,997.0,999.99,1000.0,66745241.12
2022-05-18,1000.01,999.01,1000.0,1000.0,70700003.44
2022-05-19,1000.01,999.5,999.99,1000.0,49342416.79
2022-05-20,1000.0,1000.01,999.99,1000.0,126246
2022-05-23,1000.0,1000.01,997.35,999.99,906698
2022-05-24,999.55,1000.01,999.55,999.99,48313
2022-05-25,1000.0,1000.01,999.1,999.99,346097
2022-05-26,1000.0,1010.0,998.97,999.99,248405
2022-05-27,1000.0,1001.8,999.93,999.99,86738
2022-05-30,1010.0,1010.0,999.5,999.99,169820
2022-05-31,1000.0,1000.01,999.5,999.99,35716
2022-06-01,1000.0,1034.4,999.5,999.99,220583
2022-06-02,1000.0,1002.0,999.99,999.99,57134
2022-06-03,1000.0,1000.09,999.96,1000.0,41722
2022-06-06,997.55,1007.5,997.55,999.99,123899
2022-06-07,1006.75,1006.75,999.99,999.99,50950
2022-06-08,1000.0,1000.05,999.29,999.99,84495
2022-06-09,1000.04,1003.79,999.24,999.99,43274
2022-06-10,1000.01,1000.01,999.34,999.99,701705
2022-06-13,1000.01,1006.26,997.6,999.99,166078
2022-06-14,1002.0,1002.0,999.5,999.99,96638
2022-06-15,1000.0,1002.8,999.45,999.99,24006
2022-06-16,1000.0,1002.8,999.5,999.99,53968
2022-06-17,1002.7,1002.7,999.51,999.99,32940
2022-06-20,1000.0,1003.4,999.1,999.99,99819
2022-06-21,1000.0,1000.99,999.5,1000.0,13014
2022-06-22,1000.05,1003.8,999.62,1000.05,114204
2022-06-23,1002.8,1002.8,999.51,999.99,63033
2022-06-24,999.53,1000.01,999.53,999.99,62656
2022-06-27,1002.78,1199.2,994.5,999.99,60972
2022-06-28,999.95,1000.01,996.5,999.99,81661
2022-06-29,1000.0,1001.99,999.1,999.99,29293
2022-06-30,1000.0,1000.01,999.99,999.99,168411
2022-07-01,999.95,1000.01,999.51,999.99,51068
2022-07-04,1001.99,1002.79,999.51,999.99,26983
2022-07-05,1003.2,1003.28,999.99,1000.0,496427
2022-07-06,1000.0,1000.0,999.99,999.99,56440
2022-07-07,1002.0,1002.0,999.72,999.99,131662
2022-07-08,1000.0,1000.01,999.94,999.99,195211
2022-07-11,1001.0,1001.0,999.99,999.99,178310
2022-07-12,1003.48,1003.48,998.5,999.99,704978
2022-07-13,1000.0,1000.01,999.99,999.99,76417
2022-07-14,999.6,1000.01,999.59,999.99,33053
2022-07-15,1003.8,1003.8,999.99,999.99,179361
2022-07-18,1000.01,1000.01,999.99,999.99,190241
2022-07-19,999.53,1000.01,999.52,999.99,179245
2022-07-20,1003.78,1003.78,999.01,999.99,118822
2022-07-21,1000.0,1000.0,999.99,999.99,74001
2022-07-22,999.99,1000.01,999.99,999.99,47251
2022-07-25,1000.01,1000.01,999.99,999.99,88862
2022-07-26,999.99,1000.01,999.99,999.99,56853
2022-07-27,1000.0,1000.0,999.54,999.99,149371
2022-07-28,1000.0,1000.01,999.63,999.99,70092
2022-07-29,1000.0,1000.01,999.9,999.99,131932
2022-08-01,999.99,1000.01,998.0,999.99,106574
2022-08-02,999.99,1000.01,999.2,999.99,213675
2022-08-03,1002.65,1002.65,999.65,999.99,1122047
2022-08-04,1000.0,1001.5,999.5,1000.0,459819
2022-08-05,1002.4,1010.0,999.95,1000.03,357517
2022-08-08,1003.48,1003.48,999.93,999.99,220429
2022-08-10,1002.0,1006.48,999.99,999.99,695066
2022-08-11,1001.38,1001.95,999.8,1000.0,202483
2022-08-12,1001.0,1001.95,999.9,999.99,91831
2022-08-16,1001.38,1001.38,999.8,999.99,75302
2022-08-17,1000.95,1000.95,999.99,999.99,78781
2022-08-18,1000.0,1000.01,999.99,999.99,224850
2022-08-19,1000.84,1000.95,999.85,1000.0,665240
2022-08-22,1000.0,1000.01,999.9,1000.0,265905
2022-08-23,999.85,1000.01,999.85,999.99,98589
2022-08-24,1000.0,1000.01,999.99,999.99,167876
2022-08-25,999.99,1000.01,999.5,1000.0,139741
2022-08-26,999.99,1000.01,999.99,999.99,248428
2022-08-29,1000.0,1003.48,997.78,999.99,229318
2022-08-30,999.99,1000.0,999.61,999.99,108411
2022-09-01,1000.0,1000.95,999.51,1000.0,123111
2022-09-02,1000.0,1000.1,999.99,999.99,222784
2022-09-05,1000.94,1000.95,999.53,999.99,1696576
2022-09-06,999.99,1000.0,999.5,999.99,246384
2022-09-07,1000.98,1000.99,999.99,999.99,152309
2022-09-08,999.99,1000.0,999.99,999.99,215360
2022-09-09,999.55,1000.0,999.55,999.99,27728
2022-09-12,1000.99,1000.99,999.06,999.99,662855
2022-09-13,999.99,1000.01,999.49,999.99,485282
2022-09-14,1000.94,1000.95,999.01,1000.0,1719784
2022-09-15,999.01,1000.92,999.01,1000.0,191420
2022-09-16,1003.79,1003.79,999.5,999.97,118693
2022-09-19,999.02,1000.95,999.01,999.99,216317
2022-09-20,999.99,1000.0,999.99,999.99,173632
2022-09-21,999.99,1000.01,999.73,999.99,376378
2022-09-22,999.59,1000.0,999.53,999.99,84970
2022-09-23,1000.95,1000.95,999.6,999.99,77550
2022-09-26,999.99,1000.34,999.63,999.99,149197
2022-09-27,1000.98,1000.98,999.59,999.99,116497
2022-09-28,999.99,1000.01,999.5,999.99,168251
2022-09-29,1000.01,1000.01,999.99,999.99,414575
2022-09-30,1000.0,1000.92,999.86,999.99,68440
2022-10-03,999.99,1000.44,999.57,999.99,83205
2022-10-04,999.99,1000.01,999.71,1000.0,987315
2022-10-06,999.99,1000.95,999.59,999.99,355338
2022-10-07,1000.94,1009.7,999.99,1000.0,387048
2022-10-10,1009.99,1010.0,999.11,999.99,222266
2022-10-11,1000.76,1002.95,999.99,999.99,144070
2022-10-12,999.99,1000.0,999.53,999.99,125990
2022-10-13,1000.83,1000.83,999.65,999.99,697314
2022-10-14,999.61,1000.0,999.61,999.99,61800
2022-10-17,1000.95,1000.95,999.51,999.98,97956
2022-10-18,999.66,1000.4,999.66,999.99,88236
2022-10-19,999.67,1000.01,999.67,999.99,507370
2022-10-20,1000.89,1000.9,999.99,999.99,421620
2022-10-21,999.99,1000.91,999.98,999.99,1038788
2022-10-24,1000.0,1000.04,999.25,999.99,37563
2022-10-25,1009.99,1009.99,999.56,999.99,168875
2022-10-27,1002.0,1002.99,999.69,999.99,65761
2022-10-28,1001.98,1001.99,999.75,999.99,193146
2022-10-31,1000.51,1000.78,999.99,999.99,361633
2022-11-01,1000.72,1000.72,999.8,999.99,160743
2022-11-02,1000.0,1000.0,999.61,999.99,161919
2022-11-03,1000.0,1000.0,999.56,999.99,234022
2022-11-04,1000.7,1000.71,999.71,999.99,196495
2022-11-07,999.99,1000.0,998.2,999.99,859238
2022-11-09,1000.78,1000.78,999.33,999.99,134849
2022-11-10,1000.78,1000.78,999.65,999.99,1493055
2022-11-11,1000.99,1025.0,999.23,999.99,707127
2022-11-14,1000.01,1000.01,999.99,999.99,402376
2022-11-15,1000.77,1000.78,999.65,999.99,429915
2022-11-16,1000.18,1000.18,999.81,999.99,116557
2022-11-17,1000.0,1000.02,999.61,999.94,360603
2022-11-18,1000.01,1000.66,998.99,999.99,92772
2022-11-21,999.99,1000.01,999.99,999.99,58924
2022-11-22,1000.01,1000.01,999.75,1000.0,131313
2022-11-23,1000.0,1000.78,999.19,999.99,357340
2022-11-24,1000.01,1000.01,999.56,999.99,230103
2022-11-25,1000.0,1000.02,999.75,999.99,78816
2022-11-28,999.98,1000.01,999.55,999.99,217158
2022-11-29,1000.0,1000.01,999.97,999.99,128203
2022-11-30,999.62,1000.01,999.62,999.99,405653
2022-12-01,1000.97,1000.97,999.99,999.99,481057
2022-12-02,1000.02,1000.02,999.99,999.99,359923
2022-12-05,1000.78,1000.78,998.35,999.99,104573
2022-12-06,1000.67,1000.67,998.89,999.99,152769
2022-12-07,1000.77,1000.78,999.18,999.99,139801
2022-12-08,1000.0,1000.01,999.18,999.99,33445
2022-12-09,999.44,1000.01,999.44,1000.0,76866
2022-12-12,1000.0,1000.01,990.0,999.99,649981
2022-12-13,1000.0,1000.0,999.62,999.99,356298
2022-12-14,990.0,1000.1,990.0,999.99,312830
2022-12-15,999.99,1000.01,999.56,1000.0,156107
2022-12-16,993.36,1000.01,991.03,999.99,183510
2022-12-19,999.01,1000.01,998.35,999.99,272720
2022-12-20,999.99,1000.01,999.5,999.99,104774
2022-12-21,1000.01,1000.01,999.5,999.99,157598
2022-12-22,1000.0,1000.01,999.5,999.99,422704
2022-12-23,1000.77,1000.78,999.69,999.99,147249
2022-12-26,1000.99,1001.96,999.45,999.99,119186
2022-12-27,999.98,1000.01,999.98,999.99,344590
2022-12-28,1000.0,1000.0,999.86,999.99,74969
2022-12-29,1000.0,1000.0,999.6,999.99,927808
2022-12-30,1000.0,1000.01,999.5,1000.0,122545
2023-01-02,1000.01,1000.01,999.9,999.99,170215
2023-01-03,999.65,1000.01,999.65,999.99,179403
2023-01-04,999.01,1000.01,999.0,999.99,160260
2023-01-05,1000.75,1000.75,999.6,999.99,632722
2023-01-06,999.99,1000.48,999.62,1000.0,449022
2023-01-09,1000.0,1000.29,999.25,1000.0,327469
2023-01-10,1000.0,1000.78,999.2,999.99,163396
2023-01-11,1000.0,1000.01,999.6,999.99,433473
2023-01-12,999.99,1000.01,999.66,999.99,1575017
2023-01-13,999.9,1000.38,999.9,999.99,139334
2023-01-16,1000.01,1000.43,999.52,999.99,405428
2023-01-17,999.99,1000.01,999.7,999.99,115015
2023-01-18,1000.0,1000.01,999.99,999.99,210964
2023-01-19,1000.0,1000.01,999.77,1000.0,191029
2023-01-20,999.99,1000.9,999.81,999.99,250197
2023-01-23,999.99,1000.0,999.99,999.99,223090
2023-01-24,999.9,1000.01,999.89,999.99,174029
2023-01-25,999.99,1000.0,999.6,999.99,210554
2023-01-27,1000.0,1009.5,999.76,999.99,975190
2023-01-30,999.61,1000.15,999.61,999.97,323522
2023-01-31,999.8,1000.01,999.65,999.99,502016
2023-02-01,999.99,1000.01,999.5,999.99,393028
2023-02-02,999.82,1000.01,999.75,999.99,233240
2023-02-03,999.6,1000.65,999.6,999.99,786605
2023-02-06,1000.0,1000.65,999.7,999.99,235966
2023-02-07,1000.01,1000.01,995.65,999.99,263621
2023-02-08,1000.65,1000.65,999.75,999.99,194415
2023-02-09,1000.0,1000.01,999.85,999.99,239648
2023-02-10,999.76,1000.64,999.76,999.99,556422
2023-02-13,1000.0,1000.01,999.76,999.99,142586
2023-02-14,1000.65,1000.65,999.18,999.99,921290
2023-02-15,999.99,1000.01,999.8,1000.0,230865
2023-02-16,999.99,1000.01,999.99,999.99,166940
2023-02-17,999.71,1000.01,999.71,999.99,228631
2023-02-20,999.76,1000.01,998.19,999.99,229245
2023-02-21,1000.0,1000.01,999.76,999.99,287674
2023-02-22,999.99,1000.0,999.71,999.99,1197511
2023-02-23,999.99,1000.01,998.1,999.99,456381
2023-02-24,999.95,1000.0,999.02,999.99,193729
2023-02-27,999.99,1000.01,999.5,999.95,413475
2023-02-28,999.98,1000.01,999.75,999.99,154867
2023-03-01,1000.01,1000.01,999.51,999.99,293536
2023-03-02,999.61,1029.0,999.6,1000.57,246605
2023-03-03,999.99,1000.01,999.73,999.99,213863
2023-03-06,1000.01,1000.38,999.01,999.99,354807
2023-03-08,999.19,1000.0,999.18,999.99,663005
2023-03-09,999.02,1000.77,999.01,999.99,344839
2023-03-10,1000.0,1000.01,999.71,999.99,623181
2023-03-13,999.15,1000.05,999.14,999.99,649942
2023-03-14,999.65,1000.01,999.65,999.99,989005
2023-03-15,999.21,1000.0,999.2,999.99,676484
2023-03-16,999.99,1000.01,999.61,999.99,508196
2023-03-17,999.99,1000.01,999.93,999.99,180198
2023-03-20,999.99,1000.01,999.55,999.99,421780
2023-03-21,999.99,1000.01,999.5,999.99,166422
2023-03-22,999.99,1000.0,999.99,999.99,222477
2023-03-23,1000.0,1000.01,999.04,999.99,151601
2023-03-24,999.99,1200.0,999.98,1001.92,140763
2023-03-27,1001.74,1001.74,999.5,999.91,335901
2023-03-28,1000.0,1000.01,999.99,999.99,257472
2023-03-29,999.6,1000.01,999.6,999.99,253414
2023-03-31,999.13,1000.01,999.12,999.99,584461
2023-04-03,999.5,1000.01,999.5,999.99,182936
2023-04-05,1000.01,1000.5,999.59,1000.0,1263956
2023-04-06,1000.01,1000.66,999.55,1000.0,643901
2023-04-10,1000.0,1000.01,999.49,999.99,1188426
2023-04-11,1000.0,1099.0,999.57,1000.03,302091
2023-04-12,1000.0,1000.02,999.95,1000.0,413485
2023-04-13,1000.0,1000.0,999.96,999.99,473155
2023-04-17,999.9,1048.7,997.0,1000.15,266186
2023-04-18,999.99,1000.0,999.55,999.99,498474
2023-04-19,999.8,1000.01,999.8,999.99,146745
2023-04-20,1000.01,1000.01,999.55,999.99,362861
2023-04-21,999.76,1000.0,999.76,999.99,526468
2023-04-24,999.61,1016.7,999.57,1000.02,221005
2023-04-25,1000.0,1000.01,999.99,999.99,372974
2023-04-26,1000.0,1000.69,999.99,999.99,105784
2023-04-27,1000.0,1000.02,999.58,1000.0,334281
2023-04-28,1000.01,1000.02,999.7,999.99,600428
2023-05-02,1000.0,1000.01,999.55,999.99,606037
2023-05-03,999.99,1000.65,999.99,999.99,214617
2023-05-04,1030.0,1030.0,999.65,999.99,167068
2023-05-05,1000.0,1000.0,999.85,999.99,351208
2023-05-08,1000.0,1000.01,999.98,999.99,427491
2023-05-09,1000.84,1000.85,999.99,1000.0,220247
2023-05-10,1000.0,1000.01,999.5,999.99,462992
2023-05-11,999.56,1000.01,999.56,999.99,132322
2023-05-12,999.9,1000.0,999.9,999.99,155883
2023-05-15,999.6,1000.01,999.0,999.99,320423
2023-05-16,1000.01,1000.03,999.9,1000.0,320024
2023-05-17,1000.0,1008.45,999.55,999.99,653452
2023-05-18,999.99,1000.0,999.99,999.99,92005
2023-05-19,1001.99,1001.99,999.99,1000.04,189953
2023-05-22,1000.0,1000.01,999.57,999.99,600832
2023-05-23,1000.0,1000.0,999.7,999.99,287313
2023-05-24,1000.0,1004.4,999.99,1000.0,173979
2023-05-25,1000.01,1000.01,999.62,999.99,391854
2023-05-26,1000.0,1004.99,999.99,1000.02,229026
2023-05-29,999.99,1000.0,999.55,999.99,1131865
2023-05-30,999.99,1000.0,999.57,999.99,160365
2023-05-31,999.9,1000.01,999.61,999.99,139935
2023-06-01,1000.0,1000.01,999.71,999.99,645336
2023-06-02,1000.53,1000.65,999.76,999.99,261944
2023-06-05,1000.0,1000.92,999.99,999.99,357566
2023-06-06,1000.01,1000.01,999.95,999.99,126840
2023-06-07,999.91,1000.01,999.47,999.99,123539
2023-06-08,1000.0,1000.01,999.99,999.99,252277
2023-06-09,1000.0,1000.59,999.76,999.97,83628
2023-06-12,1004.0,1004.0,999.0,999.99,423582
2023-06-13,1000.93,1000.93,999.57,999.99,163121
2023-06-14,999.99,1000.0,999.78,999.99,147374
2023-06-15,999.99,1000.0,999.9,999.99,406311
2023-06-16,999.99,1000.56,999.99,999.99,394016
2023-06-19,1000.0,1028.7,999.0,1001.07,292057
2023-06-20,1000.0,1000.01,999.51,1000.0,146782
2023-06-21,1000.01,1000.01,999.51,999.99,294030
2023-06-22,999.99,1000.5,999.8,999.99,152322
2023-06-23,1000.0,1000.0,999.77,999.99,184388
2023-06-26,999.99,1000.01,999.77,999.99,137019
2023-06-27,999.78,1000.01,999.77,999.99,494310
2023-06-28,1000.0,1000.01,999.99,999.99,1241998
2023-06-30,1000.0,1000.99,999.5,999.99,340864
2023-07-03,1000.95,1000.95,999.58,999.98,455225
2023-07-04,999.99,1000.6,997.5,999.82,537702
2023-07-05,999.99,1001.1,999.45,1000.01,309145
2023-07-06,1000.01,1030.0,999.76,1000.0,532286
2023-07-07,999.45,1031.0,999.44,1006.61,792465
2023-07-10,1000.0,1000.01,999.56,999.94,306795
2023-07-11,1000.0,1000.16,999.66,999.99,551908
2023-07-12,999.98,1000.01,999.5,999.99,400473
2023-07-13,999.99,1000.01,999.97,999.99,264101
2023-07-14,1000.01,1000.08,999.75,999.98,137484
2023-07-17,999.99,1000.24,999.97,999.98,749503
2023-07-18,1000.01,1000.01,999.5,999.99,130874
2023-07-19,999.99,1000.9,999.81,999.99,134646
2023-07-20,1000.0,1000.67,999.45,999.99,660663
2023-07-21,999.99,1000.45,995.6,999.96,491734
2023-07-24,1000.0,1000.01,999.45,999.98,1772244
2023-07-25,999.99,1000.95,999.98,999.99,457592
2023-07-26,999.99,1000.0,999.98,999.99,309189
2023-07-27,1000.0,1000.77,999.97,999.99,163112
2023-07-28,999.99,1001.65,999.98,1000.0,259007
2023-07-31,1000.01,1000.02,999.6,999.99,207647
2023-08-01,1000.03,1002.0,999.45,999.99,192696
2023-08-02,1000.0,1000.24,998.35,999.99,489693
2023-08-03,1000.0,1000.2,999.75,999.99,84522
2023-08-04,999.96,1000.25,999.75,999.99,289059
2023-08-07,1000.0,1000.25,999.97,999.99,448555
2023-08-08,999.99,1000.25,999.5,999.94,504116
2023-08-09,1000.0,1000.0,999.97,999.99,144657
2023-08-10,999.01,1000.25,998.36,999.99,202891
2023-08-11,999.99,1000.25,998.36,999.99,419894
2023-08-14,1000.0,1000.25,999.97,999.99,455930
2023-08-16,1000.0,1000.0,999.98,999.99,319906
2023-08-17,999.99,1000.02,999.75,999.99,498277
2023-08-18,999.99,1002.0,998.3,1000.0,117817
2023-08-21,1000.0,1000.0,999.45,999.98,98531
2023-08-22,1000.0,1000.24,999.45,999.99,149961
2023-08-23,1000.0,1000.24,999.97,999.99,172736
2023-08-24,999.98,1000.25,999.5,999.99,180117
2023-08-25,1000.0,1000.0,999.0,999.75,210946
2023-08-28,999.97,1000.0,999.74,999.99,189561
2023-08-29,1000.0,1000.01,999.96,999.99,309776
2023-08-30,1000.0,1000.0,999.75,999.99,187722
2023-08-31,999.99,1000.0,999.76,999.99,481654
2023-09-01,1002.0,1005.0,999.82,999.99,241976
2023-09-04,1000.0,1000.0,998.36,999.99,269039
2023-09-05,999.99,1000.0,999.99,999.99,162171
2023-09-06,999.98,1000.05,999.98,999.99,293641
2023-09-07,999.99,1000.0,999.9,999.99,341876
2023-09-08,1000.0,1000.25,999.97,999.99,407527
2023-09-11,1000.0,1000.24,999.75,999.99,216256
2023-09-12,999.99,1000.25,999.97,999.99,223381
2023-09-13,999.99,1008.0,999.97,1000.01,752098
2023-09-14,1000.01,1000.25,999.98,999.99,621214
2023-09-15,999.99,1000.0,999.97,999.99,286925
2023-09-18,1000.0,1000.02,999.77,999.99,316574
2023-09-20,999.99,1000.04,999.98,1000.0,422372
2023-09-21,999.99,1000.0,999.75,999.99,174647
2023-09-22,999.99,1000.15,999.97,999.99,764814
2023-09-25,999.99,1000.01,999.97,999.99,246564
2023-09-26,1000.01,1000.01,999.98,999.99,287437
2023-09-27,1000.0,1000.0,999.75,999.99,177395
2023-09-28,999.99,1030.0,999.76,1000.5,279312
2023-09-29,1000.0,1001.0,999.97,999.99,232789
2023-10-03,999.97,1000.1,999.97,999.99,717068
2023-10-04,1000.0,1000.25,999.5,999.99,1379445
2023-10-05,1000.0,1000.25,999.97,1000.0,450860
2023-10-06,999.99,1000.25,998.99,999.96,1010645
2023-10-09,1000.0,1000.1,999.45,999.99,569788
2023-10-10,999.0,1000.78,999.0,999.99,404800
2023-10-11,1000.0,1000.0,999.9,999.99,160746
2023-10-12,999.99,1000.0,999.98,999.99,223826
2023-10-13,1000.0,1000.01,999.98,999.99,285148
2023-10-16,981.35,1000.0,981.35,999.99,375998
2023-10-17,1000.0,1000.01,999.99,999.99,220492
2023-10-18,999.98,1000.25,999.98,1000.0,177974
2023-10-19,1000.01,1000.01,999.99,999.99,165126
2023-10-20,1000.0,1000.0,999.99,999.99,199070
2023-10-23,1000.0,1000.25,999.98,999.99,365937
2023-10-25,999.99,1000.0,999.99,999.99,248705
2023-10-26,999.99,1000.0,985.1,999.08,257680
2023-10-30,1000.01,1000.23,999.98,999.99,262791
