Date,Open,High,Low,Close,Volume,Series,TOTAL_TRADES,QTY_PER_TRADE,DLV_QTY
2025-09-17,162.25,179.0,161.37,166.83,196030557,EQ,1031196.0,190.1,88503070.0
2025-09-18,171.5,174.0,167.4,170.16,62784183,EQ,291357.0,215.49,15303010.0
2025-09-19,170.0,187.5,167.56,184.81,128767459,EQ,522389.0,246.5,20666541.0
2025-09-22,188.9,201.18,182.0,186.73,124119236,EQ,533265.0,232.75,20022301.0
2025-09-23,185.3,185.3,176.2,178.57,34010401,EQ,174783.0,194.59,7158463.0
2025-09-24,177.6,183.9,174.0,175.4,36354429,EQ,192325.0,189.03,6159182.0
2025-09-25,175.7,178.47,170.0,170.43,22954239,EQ,141034.0,162.76,4948017.0
2025-09-26,170.75,176.3,169.18,171.63,24564724,EQ,105262.0,233.37,4465156.0
2025-09-29,173.21,174.78,168.46,169.9,11957021,EQ,54814.0,218.14,3393336.0
2025-09-30,169.0,169.78,162.5,167.38,12688739,EQ,57672.0,220.02,3577805.0
2025-10-01,167.5,171.88,166.11,170.09,8268798,EQ,47914.0,172.58,2089468.0
2025-10-03,171.0,175.3,168.1,174.39,9451851,EQ,46422.0,203.61,2605300.0
2025-10-06,175.29,175.45,166.56,167.51,6441829,EQ,39322.0,163.82,2107726.0
2025-10-07,167.98,172.29,167.71,169.44,7309649,EQ,40252.0,181.6,2223750.0
2025-10-08,169.08,169.6,162.22,163.72,5961047,EQ,40965.0,145.52,2563152.0
2025-10-09,164.53,166.35,159.76,160.59,6879440,EQ,43770.0,157.17,1968752.0
2025-10-10,161.0,162.49,156.25,156.74,5432077,EQ,39036.0,139.16,1800753.0
2025-10-13,156.5,157.17,152.83,155.71,4699940,EQ,35439.0,132.62,1410574.0
2025-10-14,156.25,157.36,149.46,150.65,5966558,EQ,45212.0,131.97,2014309.0
2025-10-15,151.0,167.85,151.0,164.2,32344968,EQ,180588.0,179.11,4201034.0
2025-10-16,165.4,165.4,156.2,158.45,17315646,EQ,165137.0,104.86,5663872.0
2025-10-17,158.46,158.68,152.5,152.91,7446658,EQ,58853.0,126.53,2815252.0
2025-10-20,154.4,155.98,150.57,154.22,7984043,EQ,67506.0,118.27,2550792.0
2025-10-21,154.99,158.5,154.55,157.83,2489447,EQ,17577.0,141.63,1042652.0
2025-10-23,156.25,157.64,151.37,151.91,5256721,EQ,38183.0,137.67,2238773.0
2025-10-24,151.94,151.95,145.17,147.11,8192982,EQ,55244.0,148.31,2948796.0
2025-10-27,148.0,154.01,146.22,148.37,8234395,EQ,54904.0,149.98,2127281.0
2025-10-28,149.2,151.95,147.52,151.53,6255109,EQ,47834.0,130.77,2063148.0
2025-10-29,151.6,158.0,151.22,156.27,5814673,EQ,34637.0,167.87,2441970.0
2025-10-30,156.0,157.9,153.25,154.65,4070287,EQ,32823.0,124.01,1294697.0
2025-10-31,155.0,159.4,152.3,157.75,7677863,EQ,55174.0,139.16,2888229.0
2025-11-03,148.0,154.7,147.01,152.01,13432378,EQ,77791.0,172.67,2824424.0
2025-11-04,151.6,151.65,148.4,148.9,4852058,EQ,38429.0,126.26,1610123.0
2025-11-06,148.71,148.71,143.0,143.43,4913365,EQ,46378.0,105.94,2268774.0
2025-11-07,142.36,143.4,139.64,142.34,3177220,EQ,29569.0,107.45,832892.0
2025-11-10,142.8,143.51,131.14,132.93,8780046,EQ,80144.0,109.55,3758162.0
2025-11-11,133.95,148.44,133.6,146.11,22769488,EQ,139500.0,163.22,4907453.0
2025-11-12,144.5,146.73,141.7,142.72,6561249,EQ,42631.0,153.91,1945739.0
2025-11-13,142.71,143.99,139.5,140.55,4073974,EQ,28040.0,145.29,1338750.0
2025-11-14,139.0,142.5,138.71,140.7,2682607,EQ,21532.0,124.59,962368.0
2025-11-17,141.41,147.0,139.34,145.18,6567439,EQ,42572.0,154.27,2473781.0
2025-11-18,145.0,150.93,144.0,148.25,9416937,EQ,71571.0,131.57,3492603.0
2025-11-19,148.0,148.0,143.51,144.97,3976179,EQ,52649.0,75.52,1862275.0
2025-11-20,145.5,146.5,143.13,144.27,3047139,EQ,33978.0,89.68,1377430.0
2025-11-21,144.0,144.11,141.1,143.0,2339012,EQ,38522.0,60.72,1098245.0
2025-11-24,141.36,143.4,136.99,137.68,3722659,EQ,48934.0,76.08,1499964.0
2025-11-25,138.7,138.7,134.6,135.46,5251918,EQ,68193.0,77.02,2977181.0
2025-11-26,137.0,142.7,136.26,138.11,4435881,EQ,33686.0,131.68,1486126.0
2025-11-27,138.44,140.35,135.74,136.07,2071122,EQ,24179.0,85.66,870512.0
2025-11-28,136.25,137.19,134.77,135.03,2276793,EQ,21005.0,108.39,915352.0
2025-12-01,136.39,136.8,134.81,135.08,2023756,EQ,21609.0,93.65,987640.0
2025-12-02,135.35,136.05,134.2,135.19,1959808,EQ,20730.0,94.54,844965.0
2025-12-03,135.49,135.59,129.9,130.25,3068392,EQ,37044.0,82.83,1525845.0
2025-12-04,130.95,132.0,129.61,130.0,2655373,EQ,49897.0,53.22,1462575.0
2025-12-05,130.55,132.49,127.61,130.02,2641475,EQ,31701.0,83.32,854543.0
2025-12-08,130.0,131.4,125.23,126.88,3352087,EQ,29666.0,112.99,1581547.0
2025-12-09,127.11,130.53,125.28,129.5,2553485,EQ,35023.0,72.91,1014181.0
2025-12-10,129.5,132.17,127.5,128.03,2335515,EQ,23128.0,100.98,986626.0
2025-12-11,128.84,128.84,126.0,126.42,2048935,EQ,17387.0,117.84,736169.0
2025-12-12,127.5,130.6,125.95,128.84,2427093,EQ,22271.0,108.98,873958.0
2025-12-15,126.0,128.0,121.4,123.28,11952560,EQ,174833.0,68.37,4772581.0
2025-12-16,124.0,127.77,120.97,121.84,15815669,EQ,85073.0,185.91,4711565.0
2025-12-17,122.8,129.94,121.61,122.49,15975135,EQ,89568.0,178.36,3213559.0
2025-12-18,123.28,124.11,121.75,122.81,3999945,EQ,24283.0,164.72,1163349.0
2025-12-19,123.2,129.7,123.0,127.02,13605160,EQ,74431.0,182.79,5331588.0
2025-12-22,128.37,128.47,124.36,124.88,5020988,EQ,33484.0,149.95,2154175.0
2025-12-23,125.35,126.39,123.1,124.85,5980639,EQ,54447.0,109.84,2346835.0
2025-12-24,125.0,128.25,124.5,126.95,5522144,EQ,50355.0,109.66,2137158.0
2025-12-26,127.69,131.33,126.2,128.4,6602080,EQ,57618.0,114.58,2270819.0
2025-12-29,128.8,128.84,124.67,128.11,4311853,EQ,30812.0,139.94,1850731.0
2025-12-30,128.1,132.51,126.1,131.53,7585036,EQ,55963.0,135.54,2627815.0
2025-12-31,131.7,137.25,130.55,133.55,7448507,EQ,61862.0,120.41,2226648.0
2026-01-01,133.85,135.5,130.84,131.35,2493220,EQ,18094.0,137.79,700867.0
2026-01-02,131.35,133.69,130.2,132.7,2011965,EQ,14693.0,136.93,665682.0
2026-01-05,133.05,139.51,131.53,138.26,7585850,EQ,55453.0,136.8,2508149.0
2026-01-06,139.0,139.28,132.4,134.19,6514866,EQ,33247.0,195.95,3383766.0
2026-01-07,134.19,137.4,132.87,137.04,3759811,EQ,36419.0,103.24,1725420.0
2026-01-08,137.0,137.0,132.0,132.96,3342436,EQ,28167.0,118.66,1572759.0
2026-01-09,135.2,137.3,133.21,135.66,5309351,EQ,41362.0,128.36,2049021.0
2026-01-12,135.84,137.2,133.0,135.21,3570511,EQ,27027.0,132.11,1036291.0
2026-01-13,135.21,138.5,134.99,135.51,2289032,EQ,18458.0,124.01,644145.0
2026-01-14,135.75,137.53,133.9,136.31,2910212,EQ,26648.0,109.21,1238669.0
2026-01-16,135.0,136.48,130.0,130.55,3023049,EQ,24680.0,122.49,1469308.0
2026-01-19,131.0,132.44,128.0,129.36,2610620,EQ,36149.0,72.22,1309343.0
2026-01-20,128.51,129.29,124.4,125.11,4751438,EQ,79784.0,59.55,2569986.0
2026-01-21,125.0,131.04,124.49,127.69,3731281,EQ,52593.0,70.95,1383631.0
2026-01-22,129.0,130.0,127.34,129.67,1740278,EQ,23636.0,73.63,691284.0
2026-01-23,130.85,130.85,123.05,124.85,6166599,EQ,52209.0,118.11,3183788.0
2026-01-27,122.34,124.9,116.58,122.49,7469191,EQ,90760.0,82.3,2799006.0
2026-01-28,123.04,125.5,120.11,123.69,4277187,EQ,39000.0,109.67,2003697.0
2026-01-29,123.9,125.85,121.81,124.95,2529831,EQ,22183.0,114.04,1209736.0
2026-01-30,123.5,125.0,123.32,124.28,2139501,EQ,12320.0,173.66,1476000.0
2026-02-01,123.5,124.9,119.75,120.73,1045149,EQ,12091.0,86.44,487394.0
2026-02-02,120.75,122.99,120.44,121.95,1564706,EQ,12091.0,129.41,675110.0
2026-02-03,125.1,126.68,123.0,123.91,2220225,EQ,20410.0,108.78,1000517.0
2026-02-04,123.1,123.85,120.95,122.76,2775576,EQ,28646.0,96.89,1216538.0
2026-02-05,122.81,123.49,121.11,123.13,1371437,EQ,16658.0,82.33,566758.0
2026-02-06,122.9,123.2,120.6,122.13,1853820,EQ,11642.0,159.24,1038992.0
2026-02-09,123.0,125.99,122.34,123.22,2203457,EQ,16454.0,133.92,1105330.0
2026-02-10,123.26,127.49,123.26,127.12,3353115,EQ,18950.0,176.95,1894170.0
2026-02-11,127.75,127.95,122.9,123.54,1506056,EQ,18153.0,82.96,695707.0
2026-02-12,123.0,124.23,120.21,121.08,2501043,EQ,23155.0,108.01,1456777.0
2026-02-13,121.0,122.89,120.82,121.25,2561165,EQ,17573.0,145.74,1320371.0
2026-02-16,121.0,121.5,116.82,117.17,2320165,EQ,18191.0,127.54,1159525.0
2026-02-17,117.5,120.49,117.0,119.26,2859644,EQ,22800.0,125.42,1307776.0
2026-02-18,120.0,120.95,119.14,119.91,1535267,EQ,11884.0,129.19,665494.0
2026-02-19,120.0,120.55,117.6,118.27,1566151,EQ,12472.0,125.57,768292.0
2026-02-20,117.93,119.49,117.02,117.77,1182301,EQ,12631.0,93.6,528788.0
2026-02-23,119.19,119.79,111.5,112.5,3071841,EQ,27948.0,109.91,1405352.0
2026-02-24,112.5,112.9,108.1,109.21,3572275,EQ,22951.0,155.65,1777552.0
2026-02-25,109.21,112.09,107.5,107.92,3307877,EQ,30754.0,107.56,1668880.0
2026-02-26,108.0,109.79,106.5,108.07,12437473,EQ,24653.0,504.5,10487261.0
2026-02-27,108.0,110.39,106.07,107.1,5518405,EQ,36075.0,152.97,2882459.0
2026-03-02,103.82,106.49,102.0,103.03,6589978,EQ,49038.0,134.39,3309835.0
2026-03-04,100.7,107.34,100.7,106.56,7865278,EQ,50160.0,156.8,4203617.0
2026-03-05,107.26,108.9,104.5,108.1,2657956,EQ,24356.0,109.13,1333632.0
2026-03-06,107.0,108.2,105.0,106.08,1098984,EQ,11891.0,92.42,526225.0
2026-03-09,103.99,108.0,102.75,107.41,2384957,EQ,21537.0,110.74,1065252.0
2026-03-10,108.49,113.0,108.08,109.67,3892137,EQ,31476.0,123.65,1660172.0
2026-03-11,110.5,112.0,109.36,111.31,2001586,EQ,13062.0,153.24,1143948.0
2026-03-12,110.84,115.7,108.55,114.4,3445610,EQ,25623.0,134.47,1451855.0
2026-03-13,114.0,114.38,109.53,110.13,1903405,EQ,17754.0,107.21,1153492.0
2026-03-16,110.49,114.01,108.06,113.24,2849629,EQ,25553.0,111.52,1075106.0
2026-03-17,112.9,114.7,107.22,110.11,18996803,EQ,63701.0,298.22,9460202.0
2026-03-18,112.9,131.44,112.51,121.17,139325070,EQ,458381.0,303.95,8780254.0
2026-03-19,118.48,120.43,113.3,113.93,30229600,EQ,135840.0,222.54,7557423.0
2026-03-20,115.4,117.6,113.68,114.12,11880742,EQ,68240.0,174.1,3752140.0
2026-03-23,111.99,113.23,109.23,110.13,20753224,EQ,47849.0,433.72,11514251.0
2026-03-24,112.7,115.35,110.5,114.2,5726231,EQ,32051.0,178.66,1897258.0
2026-03-25,116.15,116.15,112.99,114.08,5803335,EQ,29556.0,196.35,2457329.0
2026-03-27,112.3,116.55,112.17,114.56,7789828,EQ,55760.0,139.7,3575587.0
2026-03-30,114.0,123.29,111.5,118.86,30536917,EQ,142405.0,214.44,5935269.0
2026-04-01,121.83,125.34,121.24,123.79,5992568,EQ,39087.0,153.31,1682828.0
2026-04-02,120.84,122.36,119.74,121.8,2566178,EQ,20747.0,123.69,924893.0
2026-04-06,122.85,125.43,121.12,123.4,3345446,EQ,29368.0,113.91,1171103.0
2026-04-07,123.0,125.45,121.2,122.16,2712143,EQ,20443.0,132.67,894811.0
2026-04-08,127.5,128.0,124.15,124.56,3430120,EQ,22971.0,149.32,1419373.0
2026-04-09,125.0,128.12,122.91,127.14,4506548,EQ,26716.0,168.68,1651587.0
2026-04-10,128.9,136.9,128.5,134.52,15327362,EQ,85575.0,179.11,3223554.0
2026-04-13,130.91,136.75,130.62,135.15,7264353,EQ,52575.0,138.17,2378982.0
2026-04-15,137.99,138.1,135.1,136.2,4312510,EQ,24230.0,177.98,1775429.0
2026-04-16,137.05,138.21,132.6,134.17,3725948,EQ,30801.0,120.97,1547442.0
2026-04-17,135.0,135.54,133.0,133.61,2151674,EQ,18746.0,114.78,982027.0
2026-04-20,135.55,138.96,130.61,134.34,7703021,EQ,52367.0,147.1,2488809.0
2026-04-21,135.0,138.14,134.03,137.24,3883412,EQ,27719.0,140.1,1272972.0
2026-04-22,138.5,149.5,137.15,148.18,42137015,EQ,213831.0,197.06,7750780.0
2026-04-23,146.81,150.39,143.81,144.43,7474519,EQ,40893.0,182.78,2694386.0
2026-04-24,143.75,145.99,141.16,142.42,2559209,EQ,18834.0,135.88,907963.0
2026-04-27,144.05,146.74,141.91,144.0,4461972,EQ,29555.0,150.97,1266210.0
2026-04-28,143.98,144.9,142.0,142.84,1545782,EQ,10999.0,140.54,615875.0
2026-04-29,143.51,148.87,142.0,147.45,5177512,EQ,45761.0,113.14,2248190.0
2026-04-30,148.0,156.0,143.45,151.66,14989665,EQ,85966.0,174.37,3233603.0
2026-05-04,151.66,154.4,151.05,152.96,4869603,EQ,36799.0,132.33,1585167.0
2026-05-05,152.7,156.19,145.66,146.69,6161383,EQ,41143.0,149.76,1874182.0
2026-05-06,148.0,148.71,143.21,146.07,4313148,EQ,34879.0,123.66,1499664.0
2026-05-07,146.87,148.5,144.55,146.62,2677292,EQ,25681.0,104.25,977342.0
2026-05-08,145.99,147.45,137.55,139.67,6734709,EQ,50669.0,132.92,3268028.0
2026-05-11,132.4,135.0,124.4,126.06,30174481,EQ,194287.0,155.31,9556004.0
2026-05-12,126.1,126.99,120.49,122.1,7082775,EQ,42315.0,167.38,2461105.0
2026-05-13,123.0,127.3,123.0,126.07,5692744,EQ,37743.0,150.83,2009045.0
2026-05-14,126.37,127.38,123.45,123.75,2743460,EQ,19641.0,139.68,1270672.0
2026-05-15,123.7,125.11,120.4,120.94,3405245,EQ,23239.0,146.53,1624991.0
2026-05-18,119.89,123.6,118.8,122.26,3561219,EQ,27651.0,128.79,1161055.0
2026-05-19,123.79,125.13,121.09,121.94,3098068,EQ,23948.0,129.37,1049914.0
2026-05-20,120.15,121.86,119.0,119.49,2089598,EQ,17936.0,116.5,850574.0
2026-05-21,120.07,121.5,118.21,119.48,2682167,EQ,22422.0,119.62,1151370.0
2026-05-22,119.48,121.6,117.8,120.03,3303303,EQ,25111.0,131.55,1258719.0
2026-05-25,121.25,126.89,120.8,124.65,10262646,EQ,63670.0,161.18,3579851.0
2026-05-26,125.02,126.47,122.9,123.36,3961104,EQ,50805.0,77.97,1914163.0
2026-05-27,124.15,125.1,122.2,123.36,3987036,EQ,27238.0,146.38,2224837.0
2026-05-29,123.89,124.9,119.45,120.03,3116664,EQ,21510.0,144.89,1670978.0
2026-06-01,120.5,124.24,119.45,120.0,8038222,EQ,60869.0,132.06,4094072.0
2026-06-02,119.13,125.65,119.13,121.16,5593642,EQ,38866.0,143.92,1843128.0
2026-06-03,121.66,124.0,121.14,123.56,2315789,EQ,19544.0,118.49,977428.0
2026-06-04,123.0,127.51,122.1,123.36,3300266,EQ,23436.0,140.82,1220372.0
2026-06-05,123.43,125.95,122.17,125.45,2833803,EQ,21065.0,134.53,1110400.0
2026-06-08,123.57,124.44,117.93,120.25,8868208,EQ,56659.0,156.52,4657260.0
2026-06-09,121.36,123.98,120.36,123.57,1821225,EQ,13765.0,132.31,814150.0
2026-06-10,123.0,129.96,122.26,122.67,9327627,EQ,67748.0,137.68,2313088.0
2026-06-11,122.5,123.65,121.16,122.98,2010441,EQ,14852.0,135.37,1079383.0
2026-06-12,124.0,126.92,123.8,126.45,2257031,EQ,21259.0,106.17,961085.0
2026-06-15,128.5,130.05,127.99,128.64,3588068,EQ,29852.0,120.2,1964869.0
2026-06-16,128.79,129.79,127.9,128.86,1144254,EQ,13556.0,84.41,478952.0
2026-06-17,128.75,132.7,128.61,130.05,3606931,EQ,25486.0,141.53,1319896.0
2026-06-18,130.5,131.9,128.61,131.34,1667930,EQ,15878.0,105.05,815187.0
2026-06-19,131.0,131.38,128.75,130.15,1761877,EQ,14972.0,117.68,756848.0
2026-06-22,129.3,139.8,129.3,136.98,21074051,EQ,115276.0,182.81,3935767.0
2026-06-23,137.5,137.84,132.8,133.17,3037618,EQ,24385.0,124.57,1213884.0
2026-06-24,132.95,134.0,131.89,133.09,1581320,EQ,19107.0,82.76,738892.0
2026-06-25,133.8,134.69,129.52,129.83,1810038,EQ,16702.0,108.37,901724.0
2026-06-29,129.83,132.8,129.4,131.72,1394194,EQ,16881.0,82.59,610638.0
2026-06-30,131.1,132.99,129.55,131.33,1773717,EQ,16268.0,109.03,858665.0
2026-07-01,131.52,133.05,127.45,128.6,10349165,EQ,28858,358.62,7645225
2026-07-02,129.89,133.48,129.48,131.89,3466595,EQ,28360,122.24,1462091
2026-07-03,132.5,133.23,130.78,131.9,1009627,EQ,16463,61.33,396046
2026-07-06,132.0,136.0,130.49,133.82,1357074,EQ,19886,68.24,663814
2026-07-07,134.32,139.2,133.01,138.52,5177329,EQ,42292,122.42,2113265
2026-07-08,138.0,139.13,132.05,132.82,2550407,EQ,27057,94.26,1123235
2026-07-09,133.0,138.5,133.0,136.97,1894247,EQ,20821,90.98,686605
2026-07-10,140.0,140.23,132.0,132.75,4037741,EQ,37949,106.4,1632202
2026-07-13,132.0,134.0,131.12,133.07,1582011,EQ,19250,82.18,733506
2026-07-14,133.5,136.99,131.23,132.01,2461616,EQ,30567,80.53,964527
2026-07-15,132.08,134.75,131.3,133.94,1616640,EQ,17454,92.62,576419
2026-07-16,133.94,134.65,132.51,132.91,782276,EQ,12048,64.93,371857
2026-07-17,132.91,133.41,129.8,130.35,816164,EQ,12647,64.53,422171
2026-07-20,130.35,134.29,129.46,133.6,1724676,EQ,21134,81.61,814039
2026-07-21,133.6,134.63,130.27,134.13,1305510,EQ,27951,46.71,514371
2026-07-22,133.4,133.8,130.27,130.88,967492,EQ,14227,68.0,588213
2026-07-23,130.57,131.99,128.26,130.58,1649993,EQ,32365,50.98,779535
2026-07-24,129.2,130.14,126.8,129.76,1214127,EQ,25387,47.82,571731
2026-07-27,131.0,132.27,130.1,130.42,1019935,EQ,13261,76.91,563014
2026-07-28,130.42,133.0,129.66,130.3,1181488,EQ,14858,79.52,568670
2026-07-29,130.5,132.0,129.35,131.25,1149290,EQ,18100,63.5,569384
2026-07-30,131.14,131.98,129.61,130.5,1001382,EQ,19738,50.73,482218
2026-07-31,131.79,131.94,128.7,129.39,1240274,EQ,12819,96.75,623822
2026-08-03,136.33,152.21,136.3,146.19,92834272,EQ,437214,212.33,16433084
2026-08-04,148.47,151.34,140.55,141.89,29549685,EQ,166860,177.09,5206386
2026-08-05,142.0,148.79,141.65,142.55,10299381,EQ,62336,165.22,2236876
2026-08-06,143.1,144.58,141.21,142.67,3616093,EQ,32447,111.45,1341770
2026-08-07,142.95,145.3,141.75,143.74,2752964,EQ,18785,146.55,1134716
2026-08-10,144.35,144.89,138.15,139.3,3170418,EQ,23148,136.96,1363681
2026-08-11,139.96,140.8,137.5,139.75,2742433,EQ,27764,98.78,1185412
2026-08-12,139.01,141.28,137.39,139.05,1683235,EQ,17049,98.73,786705
2026-08-13,141.99,146.0,138.53,141.34,32441709,EQ,135183,239.98,11736681
2026-08-14,141.0,145.65,139.83,144.39,9659315,EQ,68467,141.08,4077924
2026-08-17,144.2,145.6,142.65,144.6,3896552,EQ,22563,172.7,2028226
2026-08-18,144.56,146.7,143.01,144.97,11131114,EQ,30900,360.23,8955676
2026-08-19,143.69,148.35,143.3,147.83,7114914,EQ,44802,158.81,2970900
2026-08-20,148.0,150.7,145.0,145.49,5120359,EQ,37533,136.42,2224048
2026-08-21,151.94,160.0,151.0,158.6,65665943,EQ,303014,216.71,9007873
2026-08-24,159.0,172.33,157.55,168.84,64718783,EQ,365764,176.94,10388382
2026-08-25,169.0,171.55,167.1,169.28,15463355,EQ,84994,181.93,3722221
2026-08-26,168.91,173.89,166.5,167.53,9170508,EQ,97588,93.97,2697874
2026-08-27,166.0,170.68,165.3,167.36,7134291,EQ,76761,92.94,2351091
2026-08-28,167.9,171.44,165.91,168.41,8658242,EQ,61759,140.19,3457579
2026-08-31,168.4,174.34,165.48,167.11,22948972,EQ,114090,201.15,11499600
